row_id,customerID
0,7590-VHVEG
1,5575-GNVDE
2,3668-QPYBK
3,7795-CFOCW
4,9237-HQITU
5,9305-CDSKC
6,1452-KIOVK
7,6713-OKOMC
8,7892-POOKP
9,6388-TABGU
10,9763-GRSKD
11,7469-LKBCI
12,8091-TTVAX
13,0280-XJGEX
14,5129-JLPIS
15,3655-SNQYZ
16,8191-XWSZG
17,9959-WOFKT
18,4190-MFLUW
19,4183-MYFRB
20,8779-QRDMV
21,1680-VDCWW
22,1066-JKSGK
23,3638-WEABW
24,6322-HRPFA
25,6865-JZNKO
26,6467-CHFZW
27,8665-UTDHZ
28,5248-YGIJN
29,8773-HHUOZ
30,3841-NFECX
31,4929-XIHVW
32,6827-IEAUQ
33,7310-EGVHZ
34,3413-BMNZE
35,6234-RAAPL
36,6047-YHPVI
37,6572-ADKRS
38,5380-WJKOV
39,8168-UQWWF
40,8865-TNMNX
41,9489-DEDVP
42,9867-JCZSP
43,4671-VJLCL
44,4080-IIARD
45,3714-NTNFO
46,5948-UJZLF
47,7760-OYPDY
48,7639-LIAYI
49,2954-PIBKO
50,8012-SOUDQ
51,9420-LOJKX
52,6575-SUVOI
53,7495-OOKFY
54,4667-QONEA
55,1658-BYGOY
56,8769-KKTPH
57,5067-XJQFU
58,3957-SQXML
59,5954-BDFSG
60,0434-CSFON
61,1215-FIGMP
62,0526-SXDJP
63,0557-ASKVU
64,5698-BQJOH
65,5122-CYFXA
66,8627-ZYGSZ
67,3410-YOQBQ
68,3170-NMYVV
69,7410-OIEDU
70,2273-QCKXA
71,0731-EBJQB
72,1891-QRQSA
73,8028-PNXHQ
74,5630-AHZIL
75,2673-CXQEU
76,6416-JNVRK
77,5590-ZSKRV
78,0191-ZHSKZ
79,3887-PBQAO
80,5919-TMRGD
81,8108-UXRQN
82,9191-MYQKX
83,9919-YLNNG
84,0318-ZOPWS
85,4445-ZJNMU
86,4808-YNLEU
87,1862-QRWPE
88,2796-NNUFI
89,3016-KSVCP
90,4767-HZZHQ
91,2424-WVHPL
92,7233-PAHHL
93,6067-NGCEU
94,9848-JQJTX
95,8637-XJIVR
96,9803-FTJCG
97,0278-YXOOG
98,3212-KXOCR
99,4598-XLKNJ
100,6380-ARCEH
101,3679-XASPY
102,7123-WQUHX
103,5386-THSLQ
104,3192-NQECA
105,6180-YBIQI
106,6728-DKUCO
107,9750-BOOHV
108,8597-CWYHH
109,2848-YXSMW
110,0486-HECZI
111,4549-ZDQYY
112,5712-AHQNN
113,4846-WHAFZ
114,5256-SKJGO
115,3071-VBYPO
116,9560-BBZXK
117,5299-RULOA
118,8402-OOOHJ
119,9445-ZUEQE
120,1091-SOZGA
121,2928-HLDBA
122,0404-SWRVG
123,6497-TILVL
124,7219-TLZHO
125,4622-YNKIJ
126,4412-YLTKF
127,6734-PSBAW
128,3930-ZGWVE
129,2639-UGMAZ
130,2876-GZYZC
131,6207-WIOLX
132,8587-XYZSF
133,3091-FYHKI
134,2372-HWUHI
135,7799-LGRDP
136,7850-VWJUU
137,3774-VBNXY
138,6217-KDYWC
139,0390-DCFDQ
140,3146-MSEGF
141,4080-OGPJL
142,1095-WGNGG
143,2636-SJDOU
144,1131-QQZEB
145,5716-EZXZN
146,6837-BJYDQ
147,2135-RXIHG
148,6440-DKQGE
149,3466-BYAVD
150,3780-YVMFA
151,3874-EQOEP
152,1679-JRFBR
153,9073-ZZIAY
154,3077-RSNTJ
155,6551-GNYDG
156,9167-APMXZ
157,2749-CTKAJ
158,6371-NZYEG
159,7554-NEWDD
160,8992-VONJD
161,0867-MKZVY
162,4482-EWFMI
163,4648-YPBTM
164,2907-ILJBN
165,6345-FZOQH
166,3376-BMGFE
167,5997-OPVFA
168,3445-HXXGF
169,1159-WFSGR
170,7654-YWJUF
171,1875-QIVME
172,6727-IOTLZ
173,0691-JVSYA
174,5918-VUKWP
175,1744-JHKYS
176,2656-FMOKZ
177,2070-FNEXE
178,5947-SGKCL
179,3712-PKXZA
180,6317-YPKDH
181,6582-OIVSP
182,9367-WXLCH
183,5524-KHNJP
184,1918-ZBFQJ
185,1024-GUALD
186,4827-USJHP
187,8167-GJLRN
188,0956-SYCWG
189,8017-UVSZU
190,7100-FQPRV
191,2472-OVKUP
192,2984-RGEYA
193,9680-NIAUV
194,2146-EGVDT
195,2604-IJPDU
196,9178-JHUVJ
197,6168-YBYNP
198,7255-SSFBC
199,3645-DEYGF
200,9323-HGFWY
201,8544-GOQSH
202,3363-DTIVD
203,7018-WBJNK
204,9142-KZXOP
205,7674-YTAFD
206,6348-SNFUS
207,1285-OKIPP
208,7825-ECJRF
209,1347-KTTTA
210,7841-TZDMQ
211,4195-NZGTA
212,7157-SMCFK
213,4709-LKHYG
214,2504-DSHIH
215,0699-NDKJM
216,9286-BHDQG
217,0230-WEQUW
218,2040-LDIWQ
219,6496-JDSSB
220,9408-SSNVZ
221,4443-EMBNA
222,6469-MRVET
223,0742-MOABM
224,5961-VUSRV
225,6778-JFCMK
226,6341-JVQGF
227,2232-DMLXU
228,4811-JBUVU
229,0945-TSONX
230,2651-ZCBXV
231,3316-UWXUY
232,8937-RDTHP
233,7083-MIOPC
234,1984-GPTEH
235,1251-KRREG
236,0621-JFHOL
237,9903-LYSAB
238,0094-OIFMO
239,9227-UAQFT
240,7301-ABVAD
241,6614-FHDBO
242,7576-ASEJU
243,9058-HRZSV
244,4522-AKYLR
245,0221-WMXNQ
246,0303-UNCIP
247,9947-OTFQU
248,0322-YINQP
249,0959-WHOKV
250,4075-JFPGR
251,4629-NRXKX
252,9514-JDSKI
253,3282-ZISZV
254,3675-YDUPJ
255,4111-BNXIF
256,7017-VFHAY
257,6655-LHBYW
258,4959-JOSRX
259,5046-NUHWD
260,7273-TEFQD
261,3606-TWKGI
262,7529-ZDFXI
263,7605-BDWDC
264,1950-KSVVJ
265,0123-CRBRT
266,6292-TOSSS
267,3197-ARFOY
268,6323-AYBRX
269,7014-ZZXAW
270,4385-GZQXV
271,7633-MVPUY
272,6366-ZGQGL
273,4716-HHKQH
274,5940-AHUHD
275,6432-TWQLB
276,4484-GLZOU
277,3179-GBRWV
278,8645-KWHJO
279,4130-MZLCC
280,0314-TKOSI
281,8229-MYEJZ
282,2080-SRCDE
283,9577-WJVCQ
284,9512-UIBFX
285,6202-DYYFX
286,3808-HFKDE
287,5583-SXDAG
288,3488-PGMQJ
289,3580-REOAC
290,7534-BFESC
291,3727-OWVYD
292,2294-SALNE
293,4847-TAJYI
294,1563-IWQEX
295,8203-XJZRC
296,6556-DBKZF
297,6851-WEFYX
298,2985-JUUBZ
299,6390-DSAZX
300,0895-LMRSF
301,8098-LLAZX
302,8266-VBFQL
303,8181-YHCMF
304,2240-HSJQD
305,1248-DYXUB
306,0265-EDXBD
307,4115-BNPJY
308,3167-SNQPL
309,4091-TVOCN
310,1098-TDVUQ
311,7277-OZCGZ
312,1557-EMYVT
313,2799-ARNLO
314,7563-BIUPC
315,5027-YOCXN
316,3973-SKMLN
317,2321-OMBXY
318,2840-XANRC
319,6745-JEFZB
320,5020-ZSTTY
321,9880-TDQAC
322,8705-WZCYL
323,7102-JJVTX
324,8626-PTQGE
325,4983-CLMLV
326,5701-YVSVF
327,5804-LEPIM
328,5697-GOMBF
329,2739-CACDQ
330,9385-EHGDO
331,9498-FIMXL
332,2379-GYFLQ
333,0122-OAHPZ
334,2868-SNELZ
335,4322-RCYMT
336,6680-NENYN
337,2088-IEBAU
338,7982-VCELR
339,1343-EHPYB
340,6035-BXTTY
341,6885-PKOAM
342,7520-HQWJU
343,9639-BUJXT
344,5924-SNGKP
345,0021-IKXGC
346,2034-GDRCN
347,8966-SNIZF
348,6243-OZGFH
349,4654-DLAMQ
350,0513-RBGPE
351,5160-UXJED
352,4115-NZRKS
353,0219-YTZUE
354,0623-IIHUG
355,4572-DVCGN
356,3351-NGXYI
357,8984-EYLLL
358,9057-MSWCO
359,9833-TGFHX
360,9294-TDIPC
361,5229-DTFYB
362,0104-PPXDV
363,5176-LMJXE
364,3583-KRKMD
365,1010-DIAUQ
366,9069-LGEUL
367,7302-ZHMHP
368,9571-EDEBV
369,3520-FJGCV
370,6563-VRERX
371,0259-GBZSH
372,6122-EFVKN
373,2805-EDJPQ
374,6862-CQUMB
375,7156-MXBJE
376,6158-HDPXZ
377,9601-BRXPO
378,2863-IMQDR
379,5686-CMAWK
380,5651-CRHKQ
381,6905-NIQIN
382,8204-YJCLA
383,5167-ZFFMM
384,6583-SZVGP
385,4895-TMWIR
386,0533-BNWKF
387,1708-PBBOA
388,8782-LKFPK
389,5522-JBWMO
390,3597-MVHJT
391,9774-NRNAU
392,0224-RLWWD
393,9967-ATRFS
394,3951-NJCVI
395,2977-CEBSX
396,0177-PXBAT
397,6599-CEBNN
398,2519-ERQOJ
399,5876-QMYLD
400,2277-AXSDC
401,9442-JTWDL
402,0979-PHULV
403,3067-SVMTC
404,5495-GPSRW
405,7606-BPHHN
406,4742-DRORA
407,0111-KLBQG
408,4800-VHZKI
409,7989-CHGTL
410,0334-GDDSO
411,4163-NCJAK
412,5233-AOZUF
413,5973-EJGDP
414,1996-DBMUS
415,7916-VCCPB
416,4686-GEFRM
417,5249-QYHEX
418,0578-SKVMF
419,5564-NEMQO
420,2233-FAGXV
421,5605-IYGFG
422,7663-ZTEGJ
423,3935-TBRZZ
424,8111-BKVDS
425,2055-SIFSS
426,2806-MLNTI
427,8734-DKSTZ
428,4360-PNRQB
429,6152-ONASV
430,9063-ZGTUY
431,7781-HVGMK
432,2181-UAESM
433,2957-LOLHO
434,6048-NJXHX
435,2320-SLKMB
436,4980-URKXC
437,4376-KFVRS
438,5886-VLQVU
439,3577-AMVUX
440,0771-WLCLA
441,5628-RKIFK
442,0206-TBWLC
443,2937-FTHUR
444,1910-FMXJM
445,7752-XUSCI
446,4110-PFEUZ
447,0732-OCQOC
448,5168-MSWXT
449,1090-ESELR
450,8592-PLTMQ
451,5760-WRAHC
452,8847-GEOOQ
453,0256-LTHVJ
454,4785-FCIFB
455,8313-NDOIA
456,5149-CUZUJ
457,0942-KOWSM
458,4237-CLSMM
459,1452-VOQCH
460,4719-UMSIY
461,6614-VBEGU
462,0880-TKATG
463,3811-VBYBZ
464,1480-BKXGA
465,2996-XAUVF
466,9076-AXYIK
467,5968-XQIVE
468,8896-RAZCR
469,4640-UHDOS
470,4933-IKULF
471,3583-EKAPL
472,1304-BCCFO
473,4104-PVRPS
474,9399-APLBT
475,2359-KMGLI
476,3780-DDGSE
477,4431-EDMIQ
478,0306-JAELE
479,6227-HWPWX
480,0486-LGCCH
481,0447-BEMNG
482,4612-SSVHJ
483,5168-MQQCA
484,5949-XIKAE
485,7971-HLVXI
486,9094-AZPHK
487,3649-JPUGY
488,4472-LVYGI
489,8372-JUXUI
490,3552-CTCYF
491,6778-YSNIH
492,0388-EOPEX
493,5756-OZRIO
494,6579-JPICP
495,8205-OTCHB
496,4134-BSXLX
497,0505-SPOOW
498,6235-VDHOM
499,7783-YKGDV
500,4374-YMUSQ
501,4513-CXYIX
502,3957-HHLMR
503,7803-XOCCZ
504,5736-YEJAX
505,5609-CEBID
506,8981-FJGLA
507,7218-HKQFK
508,4636-QRJKY
509,1135-LMECX
510,4332-MUOEZ
511,8535-SFUTN
512,5956-VKDTT
513,8677-HDZEE
514,2475-MROZF
515,9412-GHEEC
516,3482-ABPKK
517,6705-LXORM
518,0257-ZESQC
519,7531-GQHME
520,5174-ITUMV
521,4109-CYRBD
522,0913-XWSCN
523,6825-UYPFK
524,8397-MVTAZ
525,0750-EBAIU
526,8606-CIQUL
527,3571-DPYUH
528,7601-GNDYK
529,0356-OBMAC
530,8067-NIOYM
531,1403-GYAFU
532,4234-XTNEA
533,1297-VQDRP
534,9282-IZGQK
535,5348-CAGXB
536,0621-HJWXJ
537,5844-QVTAT
538,8905-IAZPF
539,5394-MEITZ
540,6859-QNXIQ
541,2782-LFZVW
542,2866-IKBTM
543,1342-JPNKI
544,2817-NTQDO
545,7129-AZJDE
546,6986-IJDHX
547,2560-PPCHE
548,4676-MQUEA
549,8138-EALND
550,3580-HYCSP
551,1352-HNSAW
552,2075-PUEPR
553,1982-FEBTD
554,5301-GAUUY
555,5791-KAJFD
556,2654-VBVPB
557,1154-HYWWO
558,2501-XWWTZ
559,3716-UVSPD
560,6815-ABQFQ
561,7343-EOBEU
562,3701-SFMUH
563,6103-LIANB
564,7319-VENRZ
565,5846-NEQVZ
566,6967-QIQRV
567,5781-RFZRP
568,0939-YAPAF
569,0308-IVGOK
570,7293-LSCDV
571,7025-WCBNE
572,5756-JYOJT
573,4710-FDUIZ
574,6030-REHUX
575,9548-LIGTA
576,5150-LJNSR
577,8270-RKSAP
578,6522-YRBXD
579,2640-LYMOV
580,1218-VKFPE
581,3627-FHKBK
582,2865-TCHJW
583,1423-BMPBQ
584,2393-DIVAI
585,5192-EBGOV
586,4568-KNYWR
587,8752-IMQOS
588,0742-LAFQK
589,0795-LAFGP
590,0619-OLYUR
591,5512-IDZEI
592,0459-SPZHJ
593,0215-BQKGS
594,9244-ZVAPM
595,0719-SYFRB
596,8208-EUMTE
597,5172-MIGPM
598,1710-RCXUS
599,0374-FIUCA
600,5839-SUYVZ
601,5173-ZXXXL
602,1096-ADRUX
603,2001-MCUUW
604,2731-GJRDG
605,4723-BEGSG
606,6516-NKQBO
607,8672-OAUPW
608,8207-DMRVL
609,3419-SNJJD
610,6543-CPZMK
611,4765-OXPPD
612,2804-ETQDK
613,6689-VRRTK
614,7138-GIRSH
615,9396-ZSFLL
616,6464-KEXXH
617,7134-MJPDY
618,5240-CAOYT
619,4059-IIEBK
620,4881-JVQOD
621,0516-UXRMT
622,4851-BQDNX
623,5148-HKFIR
624,1009-IRMNA
625,3003-CMDUU
626,5016-IBERQ
627,6797-UCJHZ
628,2469-DTSGX
629,4554-YGZIH
630,5099-BAILX
631,9931-KGHOA
632,1775-KWJKQ
633,7665-VIGUD
634,9411-TPQQV
635,7207-RMRDB
636,7954-MLBUN
637,2077-DDHJK
638,4913-EHYUI
639,0195-IESCP
640,9574-BOSMD
641,4580-TMHJU
642,0970-ETWGE
643,4908-XAXAY
644,8404-VLQFB
645,1626-ERCMM
646,0887-HJGAR
647,2391-IPLOP
648,5644-PDMZC
649,3509-GWQGF
650,9576-ANLXO
651,2024-BASKD
652,5845-BZZIB
653,1140-UKVZG
654,4160-AMJTL
655,5183-SNMJQ
656,8100-PNJMH
657,7838-LAZFO
658,4464-JCOLN
659,2085-JVGAD
660,5650-VDUDS
661,8095-WANWK
662,3030-ZKIWL
663,9565-FLVCG
664,8755-OGKNA
665,2800-VEQXM
666,7538-GWHML
667,5533-RJFTJ
668,3859-CVCET
669,0214-JHPFW
670,5642-MHDQT
671,3088-FVYWK
672,3276-HDUEG
673,9092-GDZKO
674,0823-HSCDJ
675,3729-OWRVL
676,2324-AALNO
677,0822-GAVAP
678,5760-IFJOZ
679,2826-UWHIS
680,1448-PWKYE
681,7501-IWUNG
682,4957-TREIR
683,7251-LJBQN
684,8040-MNRTF
685,1536-HBSWP
686,5313-FPXWG
687,0067-DKWBL
688,0946-FKYTX
689,5076-YVXCM
690,8262-COGGB
691,6663-JOCQO
692,9620-QJREV
693,2276-YDAVZ
694,2682-KEVRP
695,2480-JZOSN
696,0078-XZMHT
697,5896-NPFWW
698,9978-HYCIN
699,8338-QIUNR
700,1525-LNLOJ
701,9450-TRJUU
702,1766-GKNMI
703,6942-LBFDP
704,1456-TWCGB
705,7133-VBDCG
706,7596-ZYWBB
707,8329-UTMVM
708,3014-WJKSM
709,3347-YJZZE
710,1029-QFBEN
711,7929-DMBCV
712,9661-JALZV
713,5433-KYGHE
714,4312-KFRXN
715,5575-TPIZQ
716,0114-IGABW
717,9944-AEXBM
718,1853-ARAAQ
719,6952-OMNWB
720,4697-LUPSU
721,8434-VGEQQ
722,4952-YSOGZ
723,1589-AGTLK
724,5244-IRFIH
725,6549-YMFAW
726,4950-HKQTE
727,6786-OBWQR
728,2684-EIWEO
729,2753-JMMCV
730,6439-GTPCA
731,6621-YOBKI
732,1216-JWVUX
733,7564-GHCVB
734,1173-NOEYG
735,7595-EHCDL
736,6647-ZEDXT
737,2521-NPUZR
738,1307-TVUFB
739,7503-MIOGA
740,4381-MHQDC
741,6923-JHPMP
742,5138-WVKYJ
743,4018-PPNDW
744,1635-FJFCC
745,2499-AJYUA
746,6919-ELBGL
747,3966-HRMZA
748,6425-JWTDV
749,8405-IGQFX
750,8224-IVVPA
751,9477-LGWQI
752,1410-RSCMR
753,3115-CZMZD
754,0139-IVFJG
755,6683-VLCTZ
756,5730-DBDSI
757,0030-FNXPP
758,2189-WWOEW
759,5684-FJVYR
760,4013-GUXND
761,1894-IGFSG
762,7379-POKDZ
763,1266-NZYUI
764,7969-FFOWG
765,4718-DHSMV
766,5175-WLYXL
767,7817-OMJNA
768,8728-SKJLR
769,3137-NYQQI
770,7706-DZNKK
771,0236-HFWSV
772,3900-AQPHZ
773,5842-POCOP
774,2037-XJFUP
775,8823-RLPWL
776,9505-SQFSW
777,7314-OXENN
778,3758-CKOQL
779,0322-CHQRU
780,5676-CFLYY
781,7521-AFHAB
782,0285-INHLN
783,4678-DVQEO
784,5125-CNDSP
785,0691-IFBQW
786,4992-LTJNE
787,2202-OUTMO
788,0810-BDHAW
789,0229-LFJAF
790,7131-ZQZNK
791,3442-ZHHCC
792,5726-CVNYA
793,9871-ELEYA
794,4257-GAESD
795,5173-WXOQV
796,2040-OBMLJ
797,6286-ZHAOK
798,3807-XHCJH
799,3009-JWMPU
800,5671-RQRLP
801,1450-GALXR
802,8859-AXJZP
803,3174-AKMAS
804,3138-BKYAV
805,9926-PJHDQ
806,7382-DFJTU
807,2798-NYLMZ
808,4289-DTDKW
809,1820-TQVEV
810,2239-JALAW
811,4853-RULSV
812,8098-TDCBU
813,3551-GAEGL
814,4785-NKHCX
815,3196-NVXLZ
816,6275-YDUVO
817,0036-IHMOT
818,0115-TFERT
819,4178-EGMON
820,4220-TINQT
821,5318-YKDPV
822,7975-TZMLR
823,0295-QVKPB
824,4335-BSMJS
825,2311-QYMUQ
826,3643-AHCFP
827,9146-JRIOX
828,3104-OWCGK
829,5337-IIWKZ
830,9101-BWFSS
831,9650-VBUOG
832,3487-EARAT
833,2672-TGEFF
834,9231-ZJYAM
835,4250-WAROZ
836,8184-WMOFI
837,6982-SSHFK
838,6092-QZVPP
839,4625-LAMOB
840,0727-BMPLR
841,0392-BZIUW
842,1038-ZAGBI
843,6549-NNDYT
844,3027-ZTDHO
845,0422-OHQHQ
846,6916-HIJSE
847,2316-ESMLS
848,9778-OGKQZ
849,7408-OFWXJ
850,6007-TCTST
851,2252-NKNSI
852,8713-IGZSO
853,7905-TVXTA
854,7695-PKLCZ
855,2382-BCKQJ
856,8374-UULRV
857,2207-NHRJK
858,3224-DFQNQ
859,5275-PMFUT
860,4795-UXVCJ
861,9777-IQHWP
862,0947-MUGVO
863,9944-HKVVB
864,4124-MMETB
865,3671-SHRSP
866,0979-MOZQI
867,2732-ISEZX
868,3313-QKNKB
869,0323-XWWTN
870,1937-OTUKY
871,1573-LGXBA
872,1764-VUUMT
873,5073-WXOYN
874,4713-ZBURT
875,3050-GBUSH
876,0207-MDKNV
877,7876-AEHIG
878,7945-HLKEA
879,9342-VNIMQ
880,9851-KIELU
881,3523-BRGUW
882,3908-BLSYF
883,3199-NPKCN
884,5170-PTRKA
885,4661-NJEUX
886,2123-AGEEN
887,1258-YMZNM
888,0048-LUMLS
889,7549-MYGPK
890,5898-IGSLP
891,3804-RVTGV
892,6259-WJQLC
893,9227-LUNBG
894,7997-EASSD
895,0730-KOAVE
896,8975-SKGRX
897,0678-RLHVP
898,4315-MURBD
899,2267-FPIMA
900,1051-GEJLJ
901,9734-YWGEX
902,2719-BDAQO
903,5285-MVEHD
904,0379-DJQHR
905,0781-LKXBR
906,5543-QDCRY
907,0297-RBCSG
908,4694-PHWFW
909,0835-JKADZ
910,1907-UBQFC
911,7508-SMHXL
912,3865-YIOTT
913,5993-BQHEA
914,6024-RUGGH
915,6513-EECDB
916,3956-CJUST
917,4079-WWQQQ
918,6103-BOCOU
919,5149-TGWDZ
920,7471-WNSUF
921,8942-DBMHZ
922,4301-VVZKA
923,9199-PWQVC
924,4824-GUCBY
925,5393-HJZSM
926,7074-IEVOJ
927,9625-QSTYE
928,0862-PRCBS
929,8812-ZRHFP
930,5146-CBVOE
931,0454-OKRCT
932,5787-KXGIY
933,4750-ZRXIU
934,4198-VFOEA
935,6630-UJZMY
936,5709-LVOEQ
937,6400-BWQKW
938,2692-AQCPF
939,0347-UBKUZ
940,0835-DUUIQ
941,0811-GSDTP
942,7567-ECMCM
943,6115-ZTBFQ
944,6353-BRMMA
945,6680-WKXRZ
946,6231-WFGFH
947,9904-EHEVJ
948,7028-DVOIQ
949,6169-PPETC
950,4208-UFFGW
951,8584-KMVXD
952,8467-WYNSR
953,0851-DFJKB
954,5382-SOYZL
955,9448-REEVD
956,3261-CQXOL
957,8388-FYNPZ
958,4002-BQWPQ
959,5651-YLPRD
960,2826-DXLQO
961,4378-BZYFP
962,9489-UTFKA
963,4849-PYRLQ
964,9117-SHLZX
965,9889-TMAHG
966,4541-RMRLG
967,7764-BDPEE
968,3429-IFLEM
969,3158-MOERK
970,7294-TMAOP
971,5002-GCQFH
972,0556-FJEGU
973,8919-FYFQZ
974,0604-THJFP
975,2834-JRTUA
976,5875-YPQFJ
977,5879-SESNB
978,6646-QVXLR
979,6461-PPAXN
980,3318-ISQFQ
981,1106-HRLKZ
982,2483-XSSMZ
983,8603-IJWDN
984,8165-ZJRNM
985,9369-XFEHK
986,2604-XVDAM
987,3717-OFRTN
988,9046-JBFWA
989,3280-NMUVX
990,1206-EHBDD
991,8361-LBRDI
992,4883-KCPZJ
993,9108-EQPNQ
994,7277-KAMWT
995,3842-IYKUE
996,6641-XRPSU
997,1374-DMZUI
998,2545-LXYVJ
999,3234-VKACU
1000,8357-EQXFO
1001,1989-PRJHP
1002,8120-JDCAM
1003,8917-FAEMR
1004,7047-YXDMZ
1005,2858-EIMXH
1006,9524-EGPJC
1007,6993-OHLXR
1008,8818-XYFCQ
1009,6419-ZTTLE
1010,0929-HYQEW
1011,6614-YOLAC
1012,7426-RHZGU
1013,4065-JJAVA
1014,4695-VADHF
1015,3863-IUBJR
1016,7649-SIJJF
1017,9361-YNQWJ
1018,3748-FVMZZ
1019,9391-TTOYH
1020,1452-XRSJV
1021,3422-WJOYD
1022,8242-SOQUO
1023,7460-ITWWP
1024,7147-AYBAA
1025,7868-TMWMZ
1026,4822-RVYBB
1027,6732-FZUGP
1028,8436-BJUMM
1029,4184-TJFAN
1030,8329-GWVPJ
1031,1352-VHKAJ
1032,4145-UQXUQ
1033,2632-TACXW
1034,8146-QQKZH
1035,1767-CJKBA
1036,6445-TNRXS
1037,4581-LNWUM
1038,4869-EPIUS
1039,9948-YPTDG
1040,1236-WFCDV
1041,1915-OAKWD
1042,7296-PIXQY
1043,4883-QICIH
1044,3354-OADJP
1045,3524-WQDSG
1046,0810-DHDBD
1047,4026-SKKHW
1048,2829-HYVZP
1049,8329-IBCTI
1050,1271-SJBGZ
1051,3845-JHAMY
1052,7013-PSXHK
1053,5669-SRAIP
1054,5981-ITEMU
1055,3486-NPGST
1056,6941-PMGEP
1057,1624-WOIWJ
1058,2074-GKOWZ
1059,0376-YMCJC
1060,6100-FJZDG
1061,4829-ZLJTK
1062,1730-VFMWO
1063,7143-BQIBA
1064,3800-LYTRK
1065,0634-SZPQA
1066,9646-NMHXE
1067,7030-NJVDP
1068,5536-RTPWK
1069,8883-GRDWQ
1070,6166-ILMNY
1071,3097-NNSPB
1072,7771-ZONAT
1073,0655-RBDUG
1074,2111-DWYHN
1075,4194-WHFCB
1076,4121-AGSIN
1077,4361-BKAXE
1078,9845-PEEKO
1079,0455-XFASS
1080,0301-KOBTQ
1081,1751-NCDLI
1082,4367-NUYAO
1083,9878-TNQGW
1084,9170-ARBTB
1085,4441-NIHPT
1086,8999-BOHSE
1087,7241-AJHFS
1088,7029-RPUAV
1089,4546-FOKWR
1090,9036-CSKBW
1091,5832-TRLPB
1092,8590-YFFQO
1093,8659-IOOPU
1094,1338-CECEE
1095,7439-DKZTW
1096,4646-QZXTF
1097,4607-CHPCA
1098,9742-XOKTS
1099,6921-OZMFH
1100,9578-FOMUK
1101,4712-UYOOI
1102,8824-RWFXJ
1103,7722-CVFXN
1104,8717-VCTXJ
1105,7363-QTBIW
1106,4159-NAAIX
1107,0971-QIFJK
1108,9397-TZSHA
1109,3391-JSQEW
1110,0343-QLUZP
1111,9763-PDTKK
1112,2176-LVPNX
1113,7627-JKIAZ
1114,3312-UUMZW
1115,1271-UODNO
1116,8461-EFQYM
1117,6900-RBKER
1118,6891-JPYFF
1119,1459-QNFQT
1120,1047-NNCBF
1121,3696-XRIEN
1122,4081-DYXAV
1123,0074-HDKDG
1124,8791-GFXLZ
1125,8111-SLLHI
1126,0927-LCSMG
1127,9330-DHBFL
1128,0098-BOWSO
1129,3452-ABWRL
1130,5859-HZYLF
1131,8257-RZAHR
1132,5293-WXJAK
1133,3156-QLHBO
1134,2208-NQBCT
1135,1779-PWPMG
1136,6621-NRZAK
1137,0831-JNISG
1138,0774-IFUVM
1139,3082-WQRVY
1140,9553-DLCLU
1141,1641-BYBTK
1142,2460-NGXBJ
1143,2446-ZKVAF
1144,0841-NULXI
1145,3522-CDKHF
1146,1430-SFQSA
1147,0411-EZJZE
1148,7851-WZEKY
1149,8844-TONUD
1150,8807-ARQET
1151,8992-CEUEN
1152,4320-QMLLA
1153,8777-PVYGU
1154,8292-ITGYJ
1155,6870-ZWMNX
1156,0621-CXBKL
1157,5268-DSMNQ
1158,5334-JLAXU
1159,4086-YQSNZ
1160,6242-MBHPK
1161,5868-CZJDR
1162,9359-UGBTK
1163,0135-NMXAP
1164,4782-OSFXZ
1165,6479-OAUSD
1166,7129-ACFOG
1167,4189-NAKJS
1168,5562-BETPV
1169,1282-IHQAC
1170,9127-FHJBZ
1171,6270-OMFIW
1172,1641-RQDAY
1173,0107-WESLM
1174,6994-ORCWG
1175,1346-UFHAX
1176,3992-YWPKO
1177,2933-XEUJM
1178,0125-LZQXK
1179,5461-QKNTN
1180,4835-YSJMR
1181,8399-YNDCH
1182,3164-YAXFY
1183,0887-WBJVH
1184,4660-IRIBM
1185,5673-FSSMF
1186,7670-ZBPOQ
1187,8089-UZWLX
1188,0080-OROZO
1189,3916-NRPAP
1190,6807-SIWJI
1191,8221-HVAYI
1192,1579-KLYDT
1193,5232-NXPAY
1194,8967-SZQAS
1195,4468-KAZHE
1196,0455-ENTCR
1197,8944-AILEF
1198,5542-NKVRU
1199,7126-RBHSD
1200,5370-IIVVL
1201,6789-HJBWG
1202,3927-NLNRY
1203,9087-EYCPR
1204,6791-YBNAK
1205,6358-LYNGM
1206,6077-BDPXA
1207,0013-MHZWF
1208,5494-HECPR
1209,8268-YDIXR
1210,9824-BEMCV
1211,1373-ORVIZ
1212,4291-SHSBH
1213,6980-IMXXE
1214,9866-QEVEE
1215,9897-KXHCM
1216,0040-HALCW
1217,0784-GTUUK
1218,7979-CORPM
1219,2294-DMMUS
1220,0872-JCPIB
1221,3055-MJDSB
1222,9091-WTUUY
1223,1618-CFHME
1224,3165-HDOEW
1225,6581-NQCBA
1226,7115-IRDHS
1227,8496-DMZUK
1228,2040-VZIKE
1229,9068-VPWQQ
1230,0178-SZBHO
1231,0384-RVBPI
1232,1689-MRZQR
1233,1299-AURJA
1234,4525-VZCZG
1235,1543-LLLFT
1236,5835-BEQEU
1237,2788-CJQAQ
1238,5565-FILXA
1239,0319-QZTCO
1240,2120-SMPEX
1241,0096-FCPUF
1242,0668-OGMHD
1243,5552-ZNFSJ
1244,2223-KAGMX
1245,6507-ZJSUR
1246,9408-HRXRK
1247,5593-SUAOO
1248,7321-PKUYW
1249,2833-SLKDQ
1250,6766-HFKLA
1251,7595-EUIVN
1252,7617-EYGLW
1253,2026-TGDHM
1254,9220-ZNKJI
1255,4030-VPZBD
1256,2226-ICFDO
1257,0723-VSOBE
1258,5529-GIBVH
1259,4187-CINZD
1260,9992-UJOEL
1261,4741-WWJQZ
1262,6625-UTXEW
1263,6818-WOBHJ
1264,6244-BESBM
1265,1004-NOZNR
1266,1251-STYSZ
1267,2612-PHGOX
1268,2408-TZMJL
1269,8480-PPONV
1270,8780-IHCRN
1271,4598-ZADCK
1272,1257-SXUXQ
1273,9681-KYGYB
1274,7182-OVLBJ
1275,5095-ETBRJ
1276,7005-CYUIL
1277,4821-WQOYN
1278,4730-AWNAU
1279,3452-FLHYD
1280,2388-LAESQ
1281,9531-NSBMR
1282,6260-ONULR
1283,4389-UEFCZ
1284,8711-LOBKY
1285,9134-CEQMF
1286,8985-OOPOS
1287,8800-ZKRFW
1288,2616-FLVQC
1289,9968-FFVVH
1290,3108-PCCGG
1291,7993-PYKOF
1292,8390-FESFV
1293,3022-BEXHZ
1294,5027-XWQHA
1295,6248-TKCQV
1296,6729-GDNGC
1297,6198-ZFIOJ
1298,5989-OMNJE
1299,4566-QVRRW
1300,1291-CUOCY
1301,9795-SHUHB
1302,3230-IUALN
1303,0042-RLHYP
1304,8519-IMDHU
1305,4945-RVMTE
1306,0201-OAMXR
1307,1866-NXPSP
1308,3372-KWFBM
1309,7831-QGOXH
1310,6393-WRYZE
1311,3941-XTSKM
1312,1661-CZBAU
1313,6599-RCLCJ
1314,9831-BPFRI
1315,5158-RIVOP
1316,9788-YTFGE
1317,9277-JOOMO
1318,1907-YLNYW
1319,1725-MIMXW
1320,8947-YRTDV
1321,3161-ONRWK
1322,0114-RSRRW
1323,4565-NLZBV
1324,0031-PVLZI
1325,7206-GZCDC
1326,6682-VCIXC
1327,4791-QRGMF
1328,6475-VHUIZ
1329,3910-MRQOY
1330,0661-WCQNQ
1331,7537-RBWEA
1332,4656-CAURT
1333,0121-SNYRK
1334,1768-ZAIFU
1335,4671-LXRDQ
1336,3733-LSYCE
1337,6265-FRMTQ
1338,1934-SJVJK
1339,3838-OZURD
1340,1371-DWPAZ
1341,9269-CQOOL
1342,2017-CCBLH
1343,7690-KPNCU
1344,0536-BGFMZ
1345,2293-IJWPS
1346,2845-HSJCY
1347,5469-NUJUR
1348,1184-PJVDB
1349,2625-TRCZQ
1350,4102-HLENU
1351,7266-GSSJX
1352,7722-VJRQD
1353,7073-QETQY
1354,9415-DPEWS
1355,5624-RYAMH
1356,0196-JTUQI
1357,7130-YXBRO
1358,9272-LSVYH
1359,7943-RQCHR
1360,3793-MMFUH
1361,3249-ZPQRG
1362,2568-BRGYX
1363,3084-DOWLE
1364,1084-MNSMJ
1365,7721-JXEAW
1366,7249-WBIYX
1367,4238-HFHSN
1368,6250-CGGUN
1369,5478-JJVZK
1370,7596-IIWYC
1371,6567-HOOPW
1372,9793-WECQC
1373,4291-HPAXL
1374,8999-YPYBV
1375,1839-FBNFR
1376,3164-AALRN
1377,3071-MVJCD
1378,1697-BCSHV
1379,0562-KBDVM
1380,1131-SUEKT
1381,3717-OEAUQ
1382,4538-WNTMJ
1383,3334-CTHOL
1384,4704-ERYFC
1385,9432-RUVSL
1386,8060-HIWJJ
1387,7684-XSZIY
1388,9089-UOWJG
1389,8621-MNIHH
1390,8039-ACLPL
1391,9885-AIBVB
1392,1934-MKPXS
1393,2592-YKDIF
1394,2272-JKMSI
1395,0471-LVHGK
1396,9518-RWHZL
1397,8714-CTZJW
1398,3569-EDBPQ
1399,3131-NWVFJ
1400,7521-YXVZY
1401,5419-CONWX
1402,6240-EURKS
1403,2373-NTKOD
1404,1970-KKFWL
1405,6960-HVYXR
1406,9337-SRRNI
1407,0895-UADGO
1408,5678-VFNEQ
1409,5977-CKHON
1410,7024-OHCCK
1411,2692-BUCFV
1412,7861-UVUFT
1413,1830-GGFNM
1414,5302-BDJNT
1415,5223-UZAVK
1416,4859-ZSRDZ
1417,5651-WYIPH
1418,9350-VLHMB
1419,3498-LZGQZ
1420,8785-CJSHH
1421,5357-TZHPP
1422,3870-SPZSI
1423,0680-DFNNY
1424,7560-QRBXH
1425,7077-XJMET
1426,8752-GHJFU
1427,6896-SRVYQ
1428,7767-UXAGJ
1429,4652-ODEVH
1430,6510-UPNKS
1431,6718-BDGHG
1432,9046-DQMTP
1433,6439-LAJXL
1434,1571-SAVHK
1435,9052-VKDUW
1436,9546-CQJSU
1437,1666-JZPZT
1438,5777-KJIRB
1439,0506-LVNGN
1440,7677-SJJJK
1441,2480-EJWYP
1442,3253-HKOKL
1443,7055-HNEOJ
1444,5514-YQENT
1445,3211-AAPKX
1446,8445-DNBAE
1447,2951-QOQTK
1448,2958-NHPPS
1449,6806-YDEUL
1450,1735-XMJVH
1451,6890-PFRQX
1452,0222-CNVPT
1453,5899-OUVKV
1454,8681-ICONS
1455,1621-YNCJH
1456,3473-XIIIT
1457,6362-QHAFM
1458,7893-IXHRQ
1459,3070-BDOQC
1460,2952-QAYZF
1461,6234-PFPXL
1462,9824-QCJPK
1463,4763-PGDPO
1464,4283-IVYCI
1465,1866-OBPNR
1466,8205-MQUGY
1467,8970-ANWXO
1468,9480-BQJEI
1469,5394-SVGJV
1470,6979-TNDEU
1471,9777-WJJPR
1472,9283-LZQOH
1473,7079-QRCBC
1474,9495-SKLKD
1475,6048-UWKAL
1476,5067-DGXLL
1477,5469-CTCWN
1478,9851-QXEEQ
1479,6281-FKEWS
1480,8898-KASCD
1481,9242-TKFSV
1482,9290-SHCMB
1483,0743-HNPFG
1484,2277-BKJKN
1485,9809-IMGCQ
1486,5208-HFSBT
1487,5035-PGZXH
1488,8695-WDYEA
1489,6543-JXSOO
1490,8016-ZMGMO
1491,8605-ITULD
1492,3254-YRILK
1493,6416-YJTTB
1494,2667-WYLWJ
1495,4472-VESGY
1496,3195-TQDZX
1497,3128-YOVTD
1498,0529-ONKER
1499,1728-CXQBE
1500,7041-TXQJH
1501,5014-GSOUQ
1502,5724-BIDBU
1503,0481-SUMCB
1504,1769-GRUIK
1505,5240-IJOQT
1506,8819-WFGGJ
1507,7427-AUFPY
1508,2811-POVEX
1509,1092-GANHU
1510,7898-PDWQE
1511,9972-EWRJS
1512,9314-IJWSQ
1513,0661-XEYAN
1514,5799-JRCZO
1515,1921-KYSAY
1516,6198-RTPMF
1517,2924-KHUVI
1518,1925-GMVBW
1519,7881-EVUAD
1520,6184-DYUOB
1521,9207-ZPANB
1522,5766-XQXMQ
1523,9327-QSDED
1524,1656-DRSMG
1525,3012-VFFMN
1526,2984-AFWNC
1527,0640-YJTPY
1528,8096-LOIST
1529,9764-REAFF
1530,3703-VAVCL
1531,7107-UBYKY
1532,4881-GQJTW
1533,8519-QJGJD
1534,7876-DNYAP
1535,7905-NJMXS
1536,2882-WDTBA
1537,2091-GPPIQ
1538,6326-MTTXK
1539,5071-FBJFS
1540,2796-UUZZO
1541,2429-AYKKO
1542,9798-OPFEM
1543,0330-IVZHA
1544,3794-NFNCH
1545,5193-QLVZB
1546,7114-AEOZE
1547,2886-KEFUM
1548,5522-NYKPB
1549,4237-RLAQD
1550,9957-YODKZ
1551,6518-KZXCB
1552,2245-ADZFJ
1553,7776-QGYJC
1554,9313-QOLTZ
1555,9651-GTSAQ
1556,3186-BAXNB
1557,4672-FOTSD
1558,0637-YLETY
1559,9818-XQCUV
1560,7338-ERIVA
1561,1157-BQCUW
1562,8259-NFJTV
1563,3223-DWFIO
1564,2660-EMUBI
1565,6968-GMKPR
1566,4751-ERMAN
1567,1436-ZMJAN
1568,3292-PBZEJ
1569,0799-DDIHE
1570,3070-FNFZQ
1571,2812-SFXMJ
1572,7675-OZCZG
1573,5014-WUQMG
1574,5312-TSZVC
1575,2003-CKLOR
1576,0993-OSGPT
1577,9254-RBFON
1578,1205-WNWPJ
1579,9391-EOYLI
1580,7108-DGVUU
1581,2782-JEEBU
1582,5127-BZENZ
1583,2720-FVBQP
1584,9906-NHHVC
1585,4522-XRWWI
1586,3766-EJLFL
1587,5939-SXWHM
1588,8152-UOBNY
1589,7351-KYHQH
1590,7643-RCHXS
1591,8246-SHFGA
1592,8387-MOJJT
1593,0620-XEFWH
1594,6485-QXWWE
1595,2761-OCIAX
1596,7321-VGNKU
1597,5327-CNLUQ
1598,7552-KEYGT
1599,5816-JMLGY
1600,3068-OMWZA
1601,2927-QRRQV
1602,6032-KRXXO
1603,7459-RRWQZ
1604,6265-SXWBU
1605,7941-RCJOW
1606,6374-NTQLP
1607,4154-AQUGT
1608,2387-KDZQY
1609,3584-WKTTW
1610,3399-BMLVW
1611,1971-DTCZB
1612,3092-IGHWF
1613,3374-PZLXD
1614,3813-DHBBB
1615,2812-REYAT
1616,6518-PPLMZ
1617,4939-KYYPY
1618,8017-LXHFA
1619,5930-GBIWP
1620,6022-KOUQO
1621,6352-TWCAU
1622,2361-UPSND
1623,6035-RIIOM
1624,2929-QNSRW
1625,1262-OPMFY
1626,9504-DSHWM
1627,5035-BVCXS
1628,6267-DCFFZ
1629,3533-UVMOM
1630,2439-LYPMQ
1631,4248-QPAVC
1632,1899-VXWXM
1633,1478-VPOAD
1634,9995-HOTOH
1635,2988-PLAHS
1636,1371-OJCEK
1637,4999-IEZLT
1638,8883-ANODQ
1639,4690-LLKUA
1640,2351-RRBUE
1641,5980-BDHPY
1642,1498-DQNRX
1643,9469-WEJBT
1644,3331-HQDTW
1645,9490-DFPMD
1646,2581-VKIRT
1647,5442-XSDCW
1648,7426-WEIJX
1649,2851-MMUTZ
1650,3049-NDXFL
1651,8580-AECUZ
1652,3307-TLCUD
1653,6625-FLENO
1654,2967-MXRAV
1655,7963-GQRMY
1656,8189-HBVRW
1657,4163-KIUHY
1658,1228-FZFRV
1659,3500-NSDOA
1660,1171-TYKUR
1661,3761-FLYZI
1662,2058-DCJBE
1663,5364-XYIRR
1664,4829-AUOAX
1665,1219-NNDDO
1666,8388-DMKAE
1667,4403-BWPAY
1668,9659-QEQSY
1669,5405-ZMYXQ
1670,5047-LHVLY
1671,1442-OKRJE
1672,4737-AQCPU
1673,9158-VCTQB
1674,2808-CHTDM
1675,6311-UEUME
1676,0793-TWELN
1677,3283-WCWXT
1678,1060-ENTOF
1679,0999-QXNSA
1680,5451-MHQOF
1681,4836-WNFNO
1682,9225-BZLNZ
1683,0354-VXMJC
1684,4422-QVIJA
1685,9365-SRSZE
1686,6839-ITVZJ
1687,8332-OSJDW
1688,4735-BJKOU
1689,0274-JKUJR
1690,5740-YHGTW
1691,8917-SZTTJ
1692,1696-MZVAU
1693,7359-WWYJV
1694,0375-HVGXO
1695,4906-ZHGPK
1696,8593-WHYHV
1697,3795-GWTRD
1698,1298-PHBTI
1699,6223-DHJGV
1700,6961-MJKBO
1701,6097-EQISJ
1702,4423-YLHDV
1703,8158-WPEZG
1704,0107-YHINA
1705,4918-FYJNT
1706,0727-BNRLG
1707,4854-CIDCF
1708,8640-SDGKB
1709,3280-MRDOF
1710,6435-SRWBJ
1711,9964-WBQDJ
1712,6303-KFWSL
1713,1702-CCFNJ
1714,8932-CZHRQ
1715,0386-CWRGM
1716,5515-RUGKN
1717,0404-AHASP
1718,7279-NMVJC
1719,2081-VEYEH
1720,6407-UTSLV
1721,4116-TZAQJ
1722,9060-HJJRW
1723,2587-YNLES
1724,7398-SKNQZ
1725,5935-FCCNB
1726,1958-RNRKS
1727,5136-RGMZO
1728,8345-MVDYC
1729,8226-BXGES
1730,3877-JRJIP
1731,8375-DKEBR
1732,9705-IOVQQ
1733,1015-OWJKI
1734,7511-YMXVQ
1735,2040-XBAVJ
1736,7551-JOHTI
1737,8887-IPQNC
1738,8646-JCOMS
1739,9804-ICWBG
1740,1222-KJNZD
1741,0106-GHRQR
1742,5318-IXUZF
1743,3768-VHXQO
1744,8952-WCVCD
1745,2418-TPEUN
1746,3963-RYFNS
1747,3198-VELRD
1748,8540-ZQGEA
1749,1320-REHCS
1750,4137-JOPHL
1751,9436-ZBZCT
1752,7801-CEDNV
1753,2057-BOYKM
1754,3658-QQJYD
1755,1803-BGNBD
1756,0134-XWXCE
1757,6950-TWMYB
1758,5848-FHRFC
1759,2243-FNMMI
1760,2511-MORQY
1761,5356-KZCKT
1762,9470-XCCEM
1763,6519-CFDBX
1764,3902-MIVLE
1765,0409-WTMPL
1766,8763-KIAFH
1767,3669-WHAFY
1768,3055-VTCGS
1769,3144-KMTWZ
1770,7279-BUYWN
1771,7156-MHUGY
1772,7198-GLXTC
1773,2007-QVGAW
1774,5207-PLSTK
1775,2307-FYNNL
1776,5605-XNWEN
1777,2155-AMQRX
1778,6181-AXXYF
1779,5091-HFAZW
1780,0516-VRYBW
1781,2519-LBNQL
1782,8623-ULFNQ
1783,8380-PEFPE
1784,5687-DKDTV
1785,1568-LJSZU
1786,7530-HDYDS
1787,7789-HKSBS
1788,7416-CKTEP
1789,2586-CWXVV
1790,3096-IZETN
1791,2348-KCJLT
1792,8401-EMUWF
1793,4193-IBKSW
1794,5377-NDTOU
1795,5922-ABDVO
1796,2474-LCNUE
1797,0839-QNXME
1798,3506-OVLKD
1799,9172-ANCRX
1800,6650-VJONK
1801,2178-PMGCJ
1802,7492-TAFJD
1803,2773-MADBQ
1804,6016-LVTJQ
1805,7860-KSUGX
1806,8966-KZXXA
1807,6910-HADCM
1808,4816-LXZYW
1809,9606-PBKBQ
1810,5149-QYTTU
1811,2070-XYMFH
1812,2085-BOJKI
1813,0817-HSUSE
1814,5442-PPTJY
1815,1927-QEWMY
1816,1663-MHLHE
1817,5663-QBGIS
1818,4450-MDZFX
1819,6701-DHKWQ
1820,7554-AKDQF
1821,3536-IQCTX
1822,4911-BANWH
1823,8496-EJAUI
1824,0794-YVSGE
1825,5423-BHIXO
1826,6908-VVYHM
1827,2959-EEXWB
1828,1839-UMACK
1829,3030-YDNRM
1830,7321-KKSDU
1831,3402-XRIUO
1832,3132-TVFDZ
1833,8286-AFUYI
1834,8080-DDEMJ
1835,8356-WUAOJ
1836,6365-MTGZX
1837,1349-WXNGG
1838,8058-DMYRU
1839,9350-ZXYJC
1840,6990-YNRIO
1841,8958-JPTRR
1842,6959-GQEGV
1843,3173-WSSUE
1844,1265-HVPZB
1845,4115-UMJFQ
1846,7369-TRPFD
1847,1098-KFQEC
1848,7190-XHTWJ
1849,0621-TWIEM
1850,3537-RYBHH
1851,2485-ITVKB
1852,3669-OYSJI
1853,1612-EOHDH
1854,6702-OHFWR
1855,5296-BFCYD
1856,4510-PYUSH
1857,9359-JANWS
1858,7517-SAWMO
1859,4143-HHPMK
1860,3279-DYZQM
1861,7054-LGEQW
1862,0523-VNGTF
1863,9575-IWCAZ
1864,7105-MXJLL
1865,7064-FRRSW
1866,7940-UQQUG
1867,0923-PNFUB
1868,3961-SXAXY
1869,7010-BRBUU
1870,3566-HJGPK
1871,3062-ICYZQ
1872,9938-PRCVK
1873,0973-KYVNF
1874,5129-HHMZC
1875,9637-CDTKZ
1876,3946-JEWRQ
1877,7873-CVMAW
1878,0463-WZZKO
1879,3494-JCHRQ
1880,6474-FVJLC
1881,4524-QCSSM
1882,5832-EXGTT
1883,8840-DQLGN
1884,2039-JONDJ
1885,7217-JYHOQ
1886,6695-FRVEC
1887,4547-LYTDD
1888,9894-QMIMJ
1889,8069-YQQAJ
1890,6770-XUAGN
1891,4193-ORFCL
1892,1636-NTNCO
1893,3466-WAESX
1894,9281-PKKZE
1895,3638-VBZTA
1896,7459-IMVYU
1897,7776-QWNFX
1898,6689-TCZHQ
1899,8563-OYMQY
1900,0754-EEBDC
1901,5777-ZPQNC
1902,1951-IEYXM
1903,3318-NMQXL
1904,3143-ILDAL
1905,1022-RKXDR
1906,2361-FJWNO
1907,2272-UOINI
1908,8232-UTFOZ
1909,3750-YHRYO
1910,6637-KYRCV
1911,5668-MEISB
1912,0129-QMPDR
1913,7188-CBBBA
1914,5356-CSVSQ
1915,3221-CJMSG
1916,4720-VSTSI
1917,3219-JQRSL
1918,2801-NISEI
1919,3946-MHCZW
1920,4623-ZKHLY
1921,6732-VAILE
1922,8201-AAXCB
1923,7696-CFTAT
1924,1845-CSBRZ
1925,2123-VSCOT
1926,6651-AZVTJ
1927,4566-GOLUK
1928,2484-DGXPZ
1929,2018-QKYGT
1930,2792-VPPET
1931,7409-JURKQ
1932,3247-MHJKM
1933,1964-SVLEA
1934,4587-NUKOX
1935,7297-DVYGA
1936,2239-CGBUZ
1937,0854-UYHZD
1938,7243-LCGGZ
1939,8267-KFGYD
1940,4890-VMUAV
1941,9261-WDCAF
1942,3764-MNMOI
1943,7442-YGZFK
1944,0420-BWTPW
1945,8229-BUJHX
1946,7449-HVPIV
1947,5504-WSIUR
1948,8183-ONMXC
1949,8466-PZBLH
1950,9614-RMGHA
1951,8735-IJJEG
1952,0564-MUUQK
1953,5054-IEXZT
1954,5834-ASPWA
1955,0701-RFGFI
1956,0019-EFAEP
1957,5619-PTMIK
1958,3737-XBQDD
1959,5882-CMAZQ
1960,5846-QFDFI
1961,4445-KWOKW
1962,3511-APPBJ
1963,7967-HYCDE
1964,2430-RRYUW
1965,3948-XHGNA
1966,3723-BFBGR
1967,0565-IYCGT
1968,5447-WZAFP
1969,5110-CHOPY
1970,5445-UTODQ
1971,4425-OWHWB
1972,7892-QVYKW
1973,9675-ICXCT
1974,1024-VRZHF
1975,4703-MQYKT
1976,9497-QCMMS
1977,5692-ICXLW
1978,0602-DDUML
1979,2208-MPXIO
1980,1960-UYCNN
1981,0348-SDKOL
1982,3190-FZATL
1983,7336-RLLRH
1984,4373-MAVJG
1985,8901-HJXTF
1986,7710-JSYOA
1987,5419-KLXBN
1988,3424-NMNBO
1989,9885-MFVSU
1990,4514-GFCFI
1991,0607-MVMGC
1992,3365-SAIGS
1993,9828-AOQLM
1994,8022-BECSI
1995,8000-REIQB
1996,9993-LHIEB
1997,0266-CLZKZ
1998,7615-ESMYF
1999,3858-VOBET
2000,7020-OZKXZ
2001,3977-QCRSL
2002,0017-DINOC
2003,1447-PJGGA
2004,8565-CLBZW
2005,9139-WQQDY
2006,0224-HJAPT
2007,8086-OVPWV
2008,9430-FRQOC
2009,7639-OPLNG
2010,3074-GQWYX
2011,1492-QGCLU
2012,6845-RGTYS
2013,7328-OWMOM
2014,4418-LZMSV
2015,5155-AZQPB
2016,8861-HGGKB
2017,1087-GRUYI
2018,7065-YUNRY
2019,7694-VLBWQ
2020,2546-KZAAT
2021,0181-RITDD
2022,5989-PGKJB
2023,4795-KTRTH
2024,8272-ONJLV
2025,1488-PBLJN
2026,0308-GIQJT
2027,3778-FOAQW
2028,4452-ROHMO
2029,6481-OGDOO
2030,3090-LETTY
2031,5349-AZPEW
2032,3753-TSEMP
2033,8305-VHZBZ
2034,9720-JJJOR
2035,8100-HZZLJ
2036,8775-ERLNB
2037,8309-IEYJD
2038,9172-JITSM
2039,6298-QDFNH
2040,7398-HPYZQ
2041,3546-GHEAE
2042,7361-YPXFS
2043,6557-BZXLQ
2044,2550-QHZGP
2045,7519-JTWQH
2046,2538-OIMXF
2047,8543-MSDMF
2048,9961-JBNMK
2049,1170-SASML
2050,4872-JCVCA
2051,5346-BZCHP
2052,2038-LLMLM
2053,6173-ITPWD
2054,9734-UYXQI
2055,1216-BGTSP
2056,4138-NAXED
2057,2189-UXTKY
2058,0744-BIKKF
2059,7483-IQWIB
2060,5248-KWLAR
2061,4958-GZWIY
2062,7996-MHXLW
2063,7833-PKIHD
2064,7061-OVMIM
2065,5153-RTHKF
2066,1852-QSWCD
2067,4832-VRBMR
2068,9079-LWTFD
2069,6356-ELRKD
2070,8624-GIOUT
2071,3392-EHMNK
2072,5986-WWXDV
2073,3061-BCKYI
2074,6179-GJPSO
2075,7901-TBKJX
2076,7228-PAQPD
2077,3177-LASXD
2078,7746-QYVCO
2079,5804-HYIEZ
2080,9919-FZDED
2081,5934-TSSAU
2082,3486-KHMLI
2083,4897-QSUYC
2084,1084-UQCHV
2085,8290-YWKHZ
2086,2955-BJZHG
2087,3806-DXQOM
2088,6784-XYJAE
2089,3933-DQPWX
2090,6661-EIPZC
2091,8957-THMOA
2092,2251-PYLPB
2093,5555-RNPGT
2094,1057-FOGLZ
2095,9300-RENDD
2096,0761-AETCS
2097,8087-LGYHQ
2098,4137-BTIKL
2099,2190-BCXEC
2100,6227-FBDXH
2101,2153-MREFK
2102,2911-WDXMV
2103,7206-PQBBZ
2104,3106-ULWFW
2105,0925-VYDLG
2106,4547-FZJWE
2107,7422-WNBTY
2108,0842-IWYCP
2109,3521-HTQTV
2110,3744-ZBHON
2111,3373-DIUUN
2112,8383-SGHJU
2113,7607-QKKTJ
2114,7707-PYBBH
2115,8984-HPEMB
2116,4349-GFQHK
2117,4139-DETXS
2118,9779-DPNEJ
2119,9805-FILKB
2120,5793-YOLJN
2121,0673-IGUQO
2122,4123-FCVCB
2123,8819-IMISP
2124,7802-EFKNY
2125,8311-UEUAB
2126,5858-EAFCZ
2127,8035-BUYVG
2128,1163-ONYEY
2129,9787-XVQIU
2130,8945-MUQUF
2131,5656-MJEFC
2132,6082-OQFBA
2133,8051-HJRLT
2134,8974-OVACP
2135,4010-YLMVT
2136,1379-FRVEB
2137,8612-GXIDD
2138,6288-CHQJB
2139,8160-HOWOX
2140,3023-GFLBR
2141,6648-INWPS
2142,4223-BKEOR
2143,4079-VTGLK
2144,1763-WQFUK
2145,1391-UBDAR
2146,8894-JVDCV
2147,2023-VQFDL
2148,1345-GKDZZ
2149,2014-MKGMH
2150,5628-FCGYG
2151,2560-WBWXF
2152,0248-IPDFW
2153,7978-DKUQH
2154,4335-UPJSI
2155,0524-IAVZO
2156,2737-YNGYW
2157,1784-EZDKJ
2158,9297-FVVDH
2159,8007-YYPWD
2160,7101-HRBLJ
2161,5159-YFPKQ
2162,6635-CPNUN
2163,4021-RQSNY
2164,5453-YBTWV
2165,5039-LZRQT
2166,2931-VUVJN
2167,9061-TIHDA
2168,8699-ASUFO
2169,6418-PIQSP
2170,8220-OCUFY
2171,3995-WFCSM
2172,1895-QTKDO
2173,2038-OEQZH
2174,1178-PZGAB
2175,7927-AUXBZ
2176,2626-VEEWG
2177,2878-RMWXY
2178,1657-DYMBM
2179,7311-MQJCH
2180,7375-WMVMT
2181,1136-XGEQU
2182,2530-FMFXO
2183,6844-DZKRF
2184,4695-WJZUE
2185,7619-ODSGN
2186,5970-GHJAW
2187,8879-XUAHX
2188,3689-MOZGR
2189,4195-PNGZS
2190,5003-XZWWO
2191,3988-RQIXO
2192,7622-FWGEW
2193,6922-NCEDI
2194,2514-GINMM
2195,9891-NQDBD
2196,6131-IUNXN
2197,8548-AWOFC
2198,9798-DRYDS
2199,8532-UEFWH
2200,6296-DDOOR
2201,7951-VRDVK
2202,5931-FLJJF
2203,4815-YOSUK
2204,2659-VXMWZ
2205,0380-NEAVX
2206,3207-OYBWH
2207,4285-GYRQC
2208,7216-EWTRS
2209,4365-MSDYN
2210,7036-TYDEC
2211,5802-ADBRC
2212,8076-FEZKJ
2213,5197-YPYBZ
2214,8337-MSSXB
2215,4312-GVYNH
2216,8495-LJDFO
2217,0839-JTCUD
2218,5494-WOZRZ
2219,1302-UHBDD
2220,2234-EOFPT
2221,8619-IJNDK
2222,8378-LKJAF
2223,8182-BJDSI
2224,2528-HFYZX
2225,1153-GNOLC
2226,3298-QEICA
2227,0788-DXBFY
2228,3597-YASZG
2229,3496-LFSZU
2230,5242-UOWHD
2231,2482-CZGBB
2232,6479-SZPLM
2233,8097-VBQTZ
2234,4500-HKANN
2235,9917-KWRBE
2236,3420-ZDBMA
2237,2212-LYASK
2238,1393-IMKZG
2239,8069-RHUXK
2240,3398-GCPMU
2241,2908-WGAXL
2242,3378-AJRAO
2243,1013-QCWAM
2244,0866-QLSIR
2245,6050-FFXES
2246,7181-BQYBV
2247,0362-RAOQO
2248,9554-DFKIC
2249,5527-ACHSO
2250,0829-DDVLK
2251,1399-UBQIU
2252,1813-JLKWR
2253,0336-PIKEI
2254,7322-OCWHC
2255,9537-VHDTA
2256,4957-TIALW
2257,2054-PJOCK
2258,9150-HEPMB
2259,9030-QGZNL
2260,6204-IEUXJ
2261,3126-WQMGH
2262,4529-CKBCL
2263,2506-CLAKW
2264,7176-WRTNX
2265,1583-IHQZE
2266,5732-IKGQH
2267,9239-GZHZE
2268,7205-BAIAD
2269,0151-ONTOV
2270,4140-MUHUG
2271,0093-EXYQL
2272,8064-RAVOH
2273,0219-QAERP
2274,0320-JDNQG
2275,7180-PISOG
2276,9168-INPSZ
2277,3571-RFHAR
2278,0015-UOCOJ
2279,5334-AFQJB
2280,2754-SDJRD
2281,9578-VRMNM
2282,1587-FKLZB
2283,6140-QNRQQ
2284,8963-JLGJT
2285,4307-KTUMW
2286,1465-LNTLJ
2287,5440-FLBQG
2288,2135-DQWAQ
2289,4056-QHXHZ
2290,7470-MCQTK
2291,7488-MXJIV
2292,7401-JIXNM
2293,9339-FIIJL
2294,2027-FECZV
2295,2672-DZUOY
2296,4706-DGAHW
2297,3870-MQAMG
2298,6670-MFRPK
2299,6177-PEVRA
2300,4800-CZMPC
2301,4813-HQMGZ
2302,7579-KKLOE
2303,7377-DMMRI
2304,8402-EIVQS
2305,4947-DSMXK
2306,7245-NIIWQ
2307,0002-ORFBO
2308,3324-OIRTO
2309,5414-OFQCB
2310,4967-WPNCF
2311,8552-OBVRU
2312,8499-BRXTD
2313,9154-QDGTH
2314,8197-BFWVU
2315,2577-GVSIL
2316,9367-OIUXP
2317,6770-UAYGJ
2318,6463-HHXJR
2319,7928-VJYAB
2320,1187-WILMM
2321,9776-OJUZI
2322,1306-RPWXZ
2323,8949-JTMAY
2324,2774-LVQUS
2325,3097-PYWXL
2326,2266-SJNAT
2327,0869-PAPRP
2328,4238-JSSWH
2329,2972-YDYUW
2330,1104-FEJAM
2331,2809-ILCYT
2332,5499-ECUTN
2333,4981-FLTMF
2334,9121-PHQSR
2335,3113-IWHLC
2336,3211-ILJTT
2337,4612-THJBS
2338,4277-BWBML
2339,4094-NSEDU
2340,0234-TEVTT
2341,4304-TSPVK
2342,1552-AAGRX
2343,2637-FKFSY
2344,9796-MVYXX
2345,7874-ECPQJ
2346,0020-INWCK
2347,7089-RKVSZ
2348,2683-JXWQQ
2349,9548-ZMVTX
2350,8739-XNIKG
2351,9755-JHNMN
2352,3981-QSVQI
2353,2789-HQBOU
2354,9424-CMPOG
2355,5067-WJEUN
2356,3450-WXOAT
2357,9251-WNSOD
2358,6974-DAFLI
2359,2616-UUTFK
2360,7064-JHXCE
2361,5103-MHMHY
2362,7989-AWGEH
2363,4373-VVHQL
2364,4559-UWIHT
2365,7268-IGMFD
2366,1846-XWOQN
2367,0235-KGSLC
2368,6650-BWFRT
2369,9570-KYEUA
2370,6993-YGFJV
2371,2712-SYWAY
2372,0730-BGQGF
2373,5498-IBWPI
2374,9101-NTIXF
2375,0013-SMEOE
2376,9314-QDMDW
2377,9308-ANMVE
2378,2884-GBPFB
2379,3757-NJYBX
2380,3413-DHLPB
2381,7649-PHJVR
2382,6114-TCFID
2383,3787-TRIAL
2384,2573-GYRUU
2385,5156-UMKOW
2386,1247-QBVSH
2387,6734-GMPVK
2388,9822-OAOVB
2389,6161-ERDGD
2390,1226-JZNKR
2391,7318-EIVKO
2392,3771-PZOBW
2393,5136-KCKGI
2394,8231-BSWXX
2395,6486-LHTMA
2396,4083-BFNYK
2397,3722-WPXTK
2398,7389-KBFIT
2399,7176-WIONM
2400,5141-ZUVBH
2401,1089-HDMKP
2402,7623-HKYRK
2403,0310-SUCIN
2404,5197-PYEPU
2405,2929-ERCFZ
2406,7548-SEPYI
2407,8835-VSDSE
2408,6619-RPLQZ
2409,3275-RHRNE
2410,3503-TYDAY
2411,6901-GOGZG
2412,1623-NLDOT
2413,7021-XSNYE
2414,9621-OUPYD
2415,9898-KZQDZ
2416,8982-NHAVY
2417,4307-KWMXE
2418,0141-YEAYS
2419,2450-ZKEED
2420,3694-DELSO
2421,3893-JRNFS
2422,9603-OAIHC
2423,1133-KXCGE
2424,5236-PERKL
2425,0142-GVYSN
2426,1049-FYSYG
2427,7854-FOKSF
2428,2519-FAKOD
2429,8406-LNMHF
2430,1821-BUCWY
2431,8263-JQAIK
2432,0023-UYUPN
2433,8314-DPQHL
2434,1465-WCZVT
2435,9481-SFCQY
2436,6360-SVNWV
2437,0567-GGCAC
2438,7089-IVVAZ
2439,8884-MRNSU
2440,2171-UDMFD
2441,9050-IKDZA
2442,2205-YMZZJ
2443,9802-CAQUT
2444,1254-IZEYF
2445,0187-WZNAB
2446,9492-TOKRI
2447,1475-VWVDO
2448,9221-OTIVJ
2449,1357-MVDOZ
2450,7602-MVRMB
2451,3325-FUYCG
2452,5908-QMGOE
2453,1197-BVMVG
2454,5406-KGRMX
2455,8481-YYXWG
2456,5968-HYJRZ
2457,5198-EFNBM
2458,7516-GMHUV
2459,7140-ADSMJ
2460,2230-XTUWL
2461,7706-YLMQA
2462,2585-KTFRE
2463,7994-UYIVZ
2464,2609-IAICY
2465,1740-CSDJP
2466,7717-BICXI
2467,6559-RAKOZ
2468,2636-OHFMN
2469,4716-MRVEN
2470,2143-LJULT
2471,1323-OOEPC
2472,3200-MNQTF
2473,6164-HXUGH
2474,5630-IXDXV
2475,0320-DWVTU
2476,9135-MGVPY
2477,1212-GLHMD
2478,7878-JGDKK
2479,1088-AUUZZ
2480,0397-GZBBC
2481,6614-YWYSC
2482,9588-OZDMQ
2483,7641-EUYET
2484,6476-EPYZR
2485,9921-ZVRHG
2486,1174-FGIFN
2487,6620-HVDUJ
2488,4701-MLJPN
2489,1032-MAELW
2490,7641-TQFHN
2491,1552-TKMXS
2492,9206-GVPEQ
2493,8622-ZLFKO
2494,1596-BBVTG
2495,6188-UXBBR
2496,2333-KWEWW
2497,5702-SKUOB
2498,1134-YWTYF
2499,6061-GWWAV
2500,0679-TDGAK
2501,6585-WCEWR
2502,9067-YGSCA
2503,9067-SQTNS
2504,8433-WXGNA
2505,1776-SPBWV
2506,8735-SDUFN
2507,9668-PUGNU
2508,9405-GPBBG
2509,1926-QUZNN
2510,3707-GNWHM
2511,7016-NVRIC
2512,5829-NVSQN
2513,9565-AXSMR
2514,8922-LIEGH
2515,8869-LIHMK
2516,8245-UMPYT
2517,5186-SAMNZ
2518,0447-RXSGD
2519,4927-WWOOZ
2520,5788-YPOEG
2521,5373-SFODM
2522,0661-KBKPA
2523,9081-WWXKP
2524,0784-ZQJZX
2525,3133-PZNSR
2526,5766-ZJYBB
2527,8931-GJJIQ
2528,4277-PVRAN
2529,0022-TCJCI
2530,0722-SVSFK
2531,3612-YVGSJ
2532,9825-YCXWZ
2533,5397-NSKQG
2534,8565-HBFNN
2535,2000-DHJUY
2536,0203-HHYIJ
2537,8670-ERCJH
2538,7758-UJWYS
2539,2050-ONYDQ
2540,7055-JCGNI
2541,0739-UUAJR
2542,4826-DXMUP
2543,0952-KMEEH
2544,7285-KLOTR
2545,0654-PQKDW
2546,7175-NTIXE
2547,7963-SHNDT
2548,9796-BPKIW
2549,0188-GWFLE
2550,8129-GMVGI
2551,2882-DDZPG
2552,3547-LQRIK
2553,9137-NOQKA
2554,5843-TTHGI
2555,1849-RJYIG
2556,8868-GAGIO
2557,4061-UKJWL
2558,5380-XPJNZ
2559,8263-QMNTJ
2560,8178-EYZUO
2561,3230-JCNZS
2562,0277-ORXQS
2563,5130-IEKQT
2564,3230-WYKIR
2565,7996-BPXHY
2566,3227-WLKLI
2567,0407-BDJKB
2568,2266-FUBDZ
2569,8237-ULIXL
2570,9600-UDOPK
2571,8216-AZUUZ
2572,9153-BTBVV
2573,4074-SJFFA
2574,3269-ATYWD
2575,5186-PEIZU
2576,1074-AMIOH
2577,4910-GMJOT
2578,0354-WYROK
2579,4361-FEBGN
2580,7748-UMTRK
2581,0380-ZCSBI
2582,7145-FEJWU
2583,6463-MVYRY
2584,3969-JQABI
2585,9624-EGDEQ
2586,1051-EQPZR
2587,5849-ASHZJ
2588,5780-INQIK
2589,7576-OYWBN
2590,4526-ZJJTM
2591,8384-FZBJK
2592,3750-RNQKR
2593,0962-CQPWQ
2594,3096-YXENJ
2595,1265-BCFEO
2596,5837-LXSDN
2597,5945-AZYHT
2598,8325-QRPZR
2599,6384-VMJHP
2600,2262-SLNVK
2601,7730-CLDSV
2602,1135-HIORI
2603,0164-APGRB
2604,6481-ESCNL
2605,1790-NESIO
2606,1550-EENBN
2607,5539-TMZLF
2608,4323-SADQS
2609,4446-BZKHU
2610,5202-IVJNU
2611,5976-JCJRH
2612,8198-RKSZG
2613,0137-OCGAB
2614,3351-NQLDI
2615,9297-EONCV
2616,7593-JNWRU
2617,4588-YBNIB
2618,1069-QJOEE
2619,3336-JORSO
2620,7799-DSEWS
2621,8766-PAFNE
2622,5315-CKEQK
2623,3130-ICDUP
2624,0820-FNRNX
2625,0880-FVFWF
2626,4611-ANLQC
2627,4213-HKBJO
2628,2792-LSHWX
2629,5028-GZLDO
2630,0014-BMAQU
2631,6861-XWTWQ
2632,9018-PCIOK
2633,4837-QUSFT
2634,6877-TJMBR
2635,9953-ZMKSM
2636,0907-HQNTS
2637,7665-NKLAV
2638,6769-DCQLI
2639,2433-KMEAS
2640,4391-LNRXK
2641,8250-ZNGGW
2642,2195-ZRVAX
2643,3550-SAHFP
2644,2011-TRQYE
2645,8562-GHPPI
2646,5893-PYOLZ
2647,4986-MXSFP
2648,6131-FOYAS
2649,3027-YNWZU
2650,5609-IMCGG
2651,4873-ILOLJ
2652,4727-MCYZG
2653,9481-WHGWY
2654,2725-KXXWT
2655,9565-DJPIB
2656,4328-VUFWD
2657,3301-LSLWQ
2658,7473-ZBDSN
2659,3166-PNEOF
2660,5639-NTUPK
2661,8780-YRMTT
2662,8348-HFYIV
2663,5140-FOMCQ
2664,6242-SGYTS
2665,8166-ORCHU
2666,8414-OOEEL
2667,8454-AATJP
2668,6849-WLEYG
2669,4659-NZRUF
2670,4531-AUZNK
2671,4191-XOVOM
2672,2150-OEGBV
2673,8429-XIBUM
2674,1855-CFULU
2675,4878-BUNFV
2676,1872-EBWSC
2677,2608-BHKFN
2678,7026-YMSBE
2679,7341-LXCAF
2680,6997-UVGOX
2681,9674-EHPPG
2682,9462-MJUAW
2683,8128-YVJRG
2684,5440-VHLUL
2685,5781-BKHOP
2686,4283-FUTGF
2687,5213-TWWJU
2688,1569-TTNYJ
2689,8628-MFKAX
2690,2397-BRLOM
2691,7629-WIXZF
2692,5445-GLVOT
2693,3976-HXHCE
2694,2466-NEJOJ
2695,0254-KCJGT
2696,5472-CVMDX
2697,6461-SZMCV
2698,8150-QUDFX
2699,9508-ILZDG
2700,2346-DJQTB
2701,1697-LYYYX
2702,1942-OQFRW
2703,4749-VFKVB
2704,9640-ZSLDC
2705,4231-LZUYM
2706,7598-UAASY
2707,7938-OUHIO
2708,8510-AWCXC
2709,6128-AQBMT
2710,3594-BDSOA
2711,0431-APWVY
2712,5133-VRSAB
2713,5996-DAOQL
2714,6838-YAUVY
2715,0484-JPBRU
2716,7883-ROJOC
2717,0244-LGNFY
2718,7274-CGTOD
2719,4295-YURET
2720,3426-NIYYL
2721,8225-BTJAU
2722,4635-EJYPD
2723,1866-ZSLJM
2724,4636-TVXVG
2725,4236-UJPWO
2726,9392-XBGTD
2727,3387-VATUS
2728,6402-SSEJG
2729,1143-NMNQJ
2730,1169-SAOCL
2731,1110-KYLGQ
2732,9929-PLVPA
2733,3518-PZXZQ
2734,2371-JUNGC
2735,7693-QPEFS
2736,0924-BJCRC
2737,5074-FBGHB
2738,2351-BKRZW
2739,4455-BFSPD
2740,0415-MOSGF
2741,1724-BQUHA
2742,3948-KXDUF
2743,2323-ARSVR
2744,0815-MFZGM
2745,4826-XTSOH
2746,5480-XTFFL
2747,8295-FHIVV
2748,2495-INZWQ
2749,9086-YJYXS
2750,1179-INLAT
2751,7909-FIOIY
2752,4139-SUGLD
2753,6857-VWJDT
2754,6351-SCJKT
2755,5468-BPMMO
2756,5624-BQSSA
2757,0197-PNKNK
2758,2439-QKJUL
2759,1194-SPVSP
2760,9534-NSXEM
2761,2408-WITXK
2762,8929-KSWIH
2763,2250-IVBWA
2764,1810-MVMAI
2765,9506-UXUSK
2766,1229-RCALF
2767,3572-UOLYZ
2768,1429-UYJSV
2769,5577-OTWWW
2770,6100-QQHEB
2771,6366-XIVKZ
2772,3470-OBUET
2773,2770-NSVDG
2774,9375-MHRRS
2775,2634-HCZGT
2776,7503-QQRVF
2777,4860-YZGZM
2778,6599-GZWCM
2779,2691-NZETQ
2780,4404-HIBDJ
2781,5533-NHFRF
2782,7037-MTYVW
2783,4760-THGOT
2784,7295-JOMMD
2785,4016-BJKTZ
2786,6584-VQMYT
2787,9838-BFCQT
2788,2790-XUYMV
2789,0581-MDMPW
2790,5013-SBUIH
2791,1023-BQXZE
2792,9163-GHAYE
2793,3904-UKFRE
2794,5353-WILCI
2795,0709-TVGUR
2796,0058-EVZWM
2797,6023-YEBUP
2798,7209-JCUDS
2799,7009-PCARS
2800,0519-DRGTI
2801,1017-FBQMM
2802,3001-CBHLQ
2803,1985-MBRYP
2804,6158-DWPZT
2805,9372-TXXPS
2806,3259-QMXUN
2807,1015-JPFYW
2808,6645-MXQJT
2809,4360-QRAVE
2810,8433-WPJTV
2811,5804-JMYIO
2812,3763-GCZHZ
2813,6484-LATFU
2814,7599-NTMDP
2815,0772-GYEQQ
2816,0536-ACXIP
2817,0936-NQLJU
2818,4831-EOBFE
2819,1575-KRZZE
2820,3251-YMVWZ
2821,4102-OQUPX
2822,9170-GYZJC
2823,4884-LEVMQ
2824,8857-CUPFQ
2825,7610-TVOPG
2826,3638-DIMPH
2827,1845-ZLLIG
2828,8559-WNQZS
2829,3999-QGRJH
2830,1699-UOTXU
2831,2454-RPBRZ
2832,0635-WKOLD
2833,5993-JSUWV
2834,4518-FZBSX
2835,5387-ASZNZ
2836,6988-CJEYV
2837,2002-MZHWP
2838,3097-FQTVJ
2839,5465-BUBFA
2840,7299-GNVPL
2841,9743-DQKQW
2842,1215-VFYVK
2843,9371-BITHB
2844,2265-CYWIV
2845,9093-FPDLG
2846,0541-FITGH
2847,6985-HAYWX
2848,7508-KBIMB
2849,6838-HVLXG
2850,2277-DJJDL
2851,1897-OKVMW
2852,5485-ITNPC
2853,0233-FTHAV
2854,4644-PIZRT
2855,8922-NPKBJ
2856,2740-TVLFN
2857,7771-CFQRQ
2858,9512-PHSMG
2859,6963-EZQEE
2860,2452-KDRRH
2861,2004-OCQXK
2862,5027-QPKTE
2863,4146-SVFUD
2864,1564-HJUVY
2865,3617-XLSGQ
2866,7517-LDMPS
2867,7244-KXYZN
2868,5226-NOZFC
2869,2672-HUYVI
2870,1400-WIVLL
2871,7508-MYBOG
2872,8148-NLEGT
2873,0148-DCDOS
2874,8347-GDTMP
2875,9992-RRAMN
2876,6746-WAUWT
2877,0310-MVLET
2878,0428-IKYCP
2879,4550-VBOFE
2880,2187-PKZAY
2881,4003-OCTMP
2882,6652-YFFJO
2883,7225-IILWY
2884,5248-RPYWW
2885,7923-IYJWY
2886,3170-GWYKC
2887,5696-QURRL
2888,7409-KIUTL
2889,9830-ECLEN
2890,1732-VHUBQ
2891,0495-RVCBF
2892,2668-TZSPS
2893,7854-EDSSA
2894,8869-TORSS
2895,7446-SFAOA
2896,9522-ZSINC
2897,8234-GSZYK
2898,6505-OZNPG
2899,6164-HAQTX
2900,0679-IDSTG
2901,7765-LWVVH
2902,1658-TJVOA
2903,0953-LGOVU
2904,2115-BFTIW
2905,4692-NNQRU
2906,7742-MYPGI
2907,0611-DFXKO
2908,7780-OTDSO
2909,9619-GSATL
2910,5622-UEJFI
2911,9747-DDZOS
2912,0674-DGMAQ
2913,6203-HBZPA
2914,0484-FFVBJ
2915,0301-FIDRB
2916,4139-JPIAM
2917,2181-TIDSV
2918,2761-XECQW
2919,1936-CZAKF
2920,9453-PATOS
2921,0564-JJHGS
2922,3348-CFRNX
2923,4402-FTBXC
2924,1428-GTBJJ
2925,2931-XIQBR
2926,0106-UGRDO
2927,5542-TBBWB
2928,1930-QPBVZ
2929,2606-PKWJB
2930,5322-ZSMZY
2931,8059-UDZFY
2932,7740-BTPUX
2933,5220-AGAAX
2934,0208-BPQEJ
2935,9435-JMLSX
2936,3352-ALMCK
2937,5312-IRCFR
2938,5294-IMHHT
2939,8802-UNOJF
2940,6313-GIDIT
2941,6176-YJWAS
2942,5310-NOOVA
2943,4526-EXKKN
2944,5311-IHLEI
2945,3987-KQDDU
2946,3404-JNXAX
2947,5131-PONJI
2948,2845-AFFTX
2949,3489-VSFRD
2950,3345-JHUEO
2951,5815-HGGHV
2952,5260-UMPWX
2953,2249-YPRNG
2954,7410-YTJIK
2955,4626-GYCZP
2956,5649-RXQTV
2957,2674-MIAHT
2958,2576-HXMPA
2959,7587-AOVVU
2960,5590-BYNII
2961,6898-MDLZW
2962,3237-AJGEH
2963,4707-YNOQA
2964,9357-UJRUN
2965,1591-NFNLQ
2966,8648-PFRMP
2967,7663-CUXZB
2968,0258-NOKBL
2969,1163-VIPRI
2970,2815-CPTUL
2971,9348-ROUAI
2972,9443-JUBUO
2973,0596-BQCEQ
2974,1481-ZUWZA
2975,3043-TYBNO
2976,4830-FAXFM
2977,5906-BFOZT
2978,2960-NKRSO
2979,8996-ZROXE
2980,5598-IKHQQ
2981,0397-ZXWQF
2982,5266-PFRQK
2983,4674-HGNUA
2984,6765-MBQNU
2985,9786-IJYDL
2986,1303-SRDOK
2987,3769-MHZNV
2988,6295-OSINB
2989,3308-MHOOC
2990,2309-OSFEU
2991,2207-QPJED
2992,4177-JPDFU
2993,2239-CFOUJ
2994,8046-DNVTL
2995,2209-XADXF
2996,6620-JDYNW
2997,1891-FZYSA
2998,4770-UEZOX
2999,1038-RQOST
3000,7613-LLQFO
3001,4568-TTZRT
3002,9513-DXHDA
3003,2640-PMGFL
3004,3801-HMYNL
3005,0516-QREYC
3006,9685-WKZGT
3007,6022-UGGSO
3008,8084-OIVBS
3009,8896-BQTTI
3010,3865-QBWSJ
3011,3352-RICWQ
3012,2160-GPFXD
3013,2065-MMKGR
3014,5857-TYBCJ
3015,1498-NHTLT
3016,4484-CGXFK
3017,1402-PTHGN
3018,4176-RELJR
3019,6214-EDAKZ
3020,5199-FPUSP
3021,6377-KSLXC
3022,1796-JANOW
3023,0238-WHBIQ
3024,8735-NBLWT
3025,6651-RLGGM
3026,6127-ISGTU
3027,1614-JBEBI
3028,8740-XLHDR
3029,1208-DNHLN
3030,1761-AEZZR
3031,3923-CSIHK
3032,5696-EXCYS
3033,5795-KTGUD
3034,7120-RFMVS
3035,7924-GJZFI
3036,4702-HDRKD
3037,8512-WIWYV
3038,5897-ZYEKH
3039,5456-ITGIC
3040,7317-GGVPB
3041,1406-PUQVY
3042,1322-AGOQM
3043,3677-IYRBF
3044,5692-FPTAH
3045,9114-AAFQH
3046,8715-KKTFG
3047,1550-LOAHA
3048,1728-BQDMA
3049,0268-QKIWO
3050,0876-WDUUZ
3051,5117-ZSMHQ
3052,5151-HQRDG
3053,0960-HUWBM
3054,6465-GSRCL
3055,0617-FHSGK
3056,0263-FJTQO
3057,7319-ZNRTR
3058,2858-MOFSQ
3059,7503-EPSZW
3060,7089-XXAYG
3061,8118-LSUEL
3062,8070-AAWZP
3063,1666-JXLKU
3064,7855-DIWPO
3065,5133-POWUA
3066,5652-MSDEY
3067,7005-CCBKV
3068,1810-BOHSY
3069,1784-BXEFA
3070,7351-MHQVU
3071,9224-VTYID
3072,9500-IWPXQ
3073,5762-TJXGK
3074,4504-YOULA
3075,5569-IDSEY
3076,4250-FDVOU
3077,7284-ZZLOH
3078,5277-ZLOOR
3079,2141-RRYGO
3080,1777-JYQPJ
3081,6376-GAHQE
3082,3401-URHDA
3083,1599-EAHXY
3084,8631-XVRZL
3085,5052-PNLOS
3086,3853-LYGAM
3087,6979-ZNSFF
3088,5751-USDBL
3089,5680-LQOGP
3090,2386-LAHRK
3091,8189-DUKMV
3092,6032-IGALN
3093,9931-DCEZH
3094,1898-JSNDC
3095,0315-LVCRK
3096,3911-RSNHI
3097,2410-CIYFZ
3098,4248-HCETZ
3099,5505-OVWQW
3100,7271-AJDTL
3101,1867-TJHTS
3102,0516-WJVXC
3103,9174-FKWZE
3104,6860-YRJZP
3105,4429-WYGFR
3106,2817-LVCPP
3107,5038-ETMLM
3108,5056-FIMPT
3109,4521-WFJAI
3110,6569-KTMDU
3111,8809-RIHDD
3112,8809-XKHMD
3113,0396-YCHWO
3114,0867-LDTTC
3115,4822-NGOCH
3116,9391-DXGGG
3117,9844-FELAJ
3118,2122-SZZZD
3119,5307-DZCVC
3120,3148-AOIQT
3121,8679-JOEVF
3122,8395-ETZKQ
3123,6692-YQHXC
3124,3889-VWBID
3125,5222-JCXZT
3126,9754-CLVZW
3127,1432-FPAXX
3128,2739-CCZMB
3129,7080-TNUWP
3130,0496-AHOOK
3131,8336-TAVKX
3132,2468-SJFLM
3133,3181-VTHOE
3134,7168-HDQHG
3135,4803-AXVYP
3136,3884-HCSWG
3137,4567-AKPIA
3138,5077-DXTCG
3139,1142-WACZW
3140,7901-HXJVA
3141,5649-ANRML
3142,4892-VLANZ
3143,5924-IFQTT
3144,7968-QUXNS
3145,2919-HBCJO
3146,4236-XPXAV
3147,8903-WMRNW
3148,2452-SNHFZ
3149,3629-WEAAM
3150,6029-CSMJE
3151,7993-NQLJE
3152,9909-DFRJA
3153,9099-FTUHS
3154,0581-BXBUB
3155,4962-CHQPW
3156,9467-ROOLM
3157,3030-YZADT
3158,7410-KTVFV
3159,5150-ITWWB
3160,2253-KPMNB
3161,1345-ZUKID
3162,6429-SHBCB
3163,9281-OFDMF
3164,2603-HVKCG
3165,1834-WULEG
3166,9097-ZUBYC
3167,5148-ORICT
3168,4893-GYUJU
3169,4578-PHJYZ
3170,7272-QDCKA
3171,8908-SLFCJ
3172,8393-DLHGA
3173,9766-HGEDE
3174,6968-MHOMU
3175,7395-IGJOS
3176,5044-XDPYX
3177,1814-WFGVS
3178,2834-SPCJV
3179,3721-WKIIL
3180,6734-CKRSM
3181,1265-ZFOSD
3182,6568-POCUI
3183,7890-VYYWG
3184,5197-LQXXH
3185,9907-SWKKF
3186,3457-PQBYH
3187,7682-AZNDK
3188,0587-DMGBH
3189,5384-ZTTWP
3190,3745-HRPHI
3191,7636-OWBPG
3192,1231-YNDEK
3193,1407-DIGZV
3194,6397-JNZZG
3195,0570-BFQHT
3196,4393-OBCRR
3197,3523-QRQLL
3198,8564-LDKFL
3199,3696-DFHHB
3200,0895-DQHEW
3201,4717-GHADL
3202,5501-TVMGM
3203,5879-HMFFH
3204,6772-WFQRD
3205,3810-DVDQQ
3206,6972-SNKKW
3207,3694-GLTJM
3208,8550-XSXUQ
3209,8149-RSOUN
3210,9055-MOJJJ
3211,4359-INNWN
3212,0585-EGDDA
3213,4032-RMHCI
3214,0549-CYCQN
3215,3481-JHUZH
3216,7250-EQKIY
3217,3594-IVHJZ
3218,6869-FGJJC
3219,3896-ZVNET
3220,8205-VSLRB
3221,5960-MVTUK
3222,6817-WTYHE
3223,3082-VQXNH
3224,4013-UBXWQ
3225,4931-TRZWN
3226,0750-EKNGL
3227,7669-LCRSD
3228,3567-PQTSO
3229,5519-NPHVG
3230,8043-PNYSD
3231,9938-EKRGF
3232,2703-AMTUL
3233,0928-JMXNP
3234,8173-RXAYP
3235,4825-XJGDM
3236,5402-HTOTQ
3237,6734-JDTTV
3238,7850-THJMU
3239,3890-RTCMS
3240,8849-GYOKR
3241,3148-BLQJT
3242,3717-FDJFU
3243,3665-JATSN
3244,7966-YOTQW
3245,0461-CVKMU
3246,8806-EAGWC
3247,8853-TZDGH
3248,7779-LGOVN
3249,4324-BZCKL
3250,6924-TDGMT
3251,9710-ZUSHQ
3252,1536-YHDOE
3253,8123-QBNAZ
3254,3629-ZNKXA
3255,4827-LTQRJ
3256,7711-YIJWC
3257,5482-VXSXJ
3258,7365-BVCJH
3259,9620-ENEJV
3260,4183-WCSEP
3261,2378-YIZKA
3262,5498-TXHLF
3263,0689-DSXGL
3264,6818-DJXAA
3265,9722-UJOJR
3266,0464-WJTKO
3267,8902-ZEOVF
3268,6778-EICRF
3269,2662-NNTDK
3270,4132-KALRO
3271,3902-FOIGH
3272,6772-KSATR
3273,7112-OPOTK
3274,2874-YXVVA
3275,1245-HARPS
3276,4210-QFJMF
3277,4323-ELYYB
3278,4293-ETKAP
3279,6064-PUPMC
3280,6504-VBLFL
3281,6322-PJJDJ
3282,0330-BGYZE
3283,1085-LDWAM
3284,7586-ZATGZ
3285,7197-VOJMM
3286,3318-OSATS
3287,5828-AVIPD
3288,1843-TLSGD
3289,9626-VFRGG
3290,7075-BNDVQ
3291,9143-CANJF
3292,7284-BUYEC
3293,2041-JIJCI
3294,1086-LXKFY
3295,4900-MSOMT
3296,2229-VWQJH
3297,9194-GFVOI
3298,1336-EZFZY
3299,4282-MSACW
3300,1403-LKLIK
3301,2636-ALXXZ
3302,7774-OJSXI
3303,7786-WBJYI
3304,0136-IFMYD
3305,5144-TVGLP
3306,9643-AVVWI
3307,0253-ZTEOB
3308,2706-QZIHY
3309,6061-PQHMK
3310,9885-CSMWE
3311,6137-MFAJN
3312,9122-UMROB
3313,4232-JGKIY
3314,2402-TAIRZ
3315,9659-ZTWSM
3316,9139-TWBAS
3317,6685-GBWJZ
3318,5016-ETTFF
3319,3866-MDTUB
3320,2195-VVRJF
3321,3913-RDSJZ
3322,8058-JMEQO
3323,4203-QGNZA
3324,5043-TRZWM
3325,0697-ZMSWS
3326,7657-DYEPJ
3327,9494-BDNNC
3328,1640-PLFMP
3329,5366-OBVMR
3330,8276-MQBYC
3331,7644-OMVMY
3332,7593-XFKDI
3333,4573-JKNAE
3334,0337-CNPZE
3335,9817-APLHW
3336,8380-MQINP
3337,0840-DFEZH
3338,1513-XNPPH
3339,8690-ZVLCL
3340,6015-VVHHE
3341,1125-SNVCK
3342,0384-LPITE
3343,4616-EWBNJ
3344,6347-DCUIK
3345,1335-HQMKX
3346,2545-EBUPK
3347,6923-AQONU
3348,2172-EJXVF
3349,0897-FEGMU
3350,7663-RGWBC
3351,1120-BMWUB
3352,9124-LHCJQ
3353,4536-PLEQY
3354,7029-IJEJK
3355,8871-JLMHM
3356,2235-ZGKPT
3357,3891-PUQOD
3358,5447-VYTKW
3359,3623-FQBOX
3360,0689-NKYLF
3361,8659-HDIYE
3362,3658-KIBGF
3363,3474-BAFSJ
3364,5519-YLDGW
3365,3865-ZFZIB
3366,1855-AGAWH
3367,7109-CQYUZ
3368,1370-GGAWX
3369,4680-KUTAJ
3370,5307-UVGNB
3371,4946-EDSEW
3372,2883-ILGWO
3373,2516-VQRRV
3374,7580-UGXNC
3375,3642-BYHDO
3376,9629-NHXFW
3377,2696-RZVZW
3378,5766-FTRTS
3379,0396-HUJBP
3380,5178-LMXOP
3381,8879-ZKJOF
3382,6285-FTQBF
3383,8185-UPYBR
3384,4585-HETAI
3385,7526-BEZQB
3386,1474-JUWSM
3387,3530-CRZSB
3388,8498-XXGWA
3389,9617-INGJY
3390,0621-TSSMU
3391,7234-KMNRQ
3392,7636-PEPNS
3393,4683-WYDOU
3394,9052-DHNKM
3395,6794-HKIAJ
3396,5578-NKCXI
3397,1642-HMARX
3398,3096-WPXBT
3399,8434-PNQZX
3400,5950-AAAGJ
3401,4299-OPXEJ
3402,4951-UKAAQ
3403,9618-LFJRU
3404,6693-DJWTY
3405,0744-GKNGE
3406,6447-EGDIV
3407,1167-OYZJF
3408,2108-YKQTY
3409,4806-DXQCE
3410,4918-QLLIW
3411,7056-IMHCC
3412,4854-SSLTN
3413,5294-DMSFH
3414,4837-PZTIC
3415,1625-JAIIY
3416,0603-OLQDC
3417,3272-VUHPV
3418,4176-FXYBO
3419,1063-DHQJF
3420,8663-UPDGF
3421,6719-FGEDO
3422,1837-YQUCE
3423,2947-DOMLJ
3424,4112-LUEIZ
3425,0369-ZGOVK
3426,4510-HIMLV
3427,9919-KNPOO
3428,8749-JMNKX
3429,7872-BAAZR
3430,9391-LMANN
3431,2430-USGXP
3432,8174-TBVCF
3433,1698-XFZCI
3434,1877-HKBQX
3435,4450-DLLMH
3436,0428-AXXLJ
3437,2746-DIJLO
3438,5955-ERIHD
3439,0917-EZOLA
3440,3508-VLHCZ
3441,4086-ATNFV
3442,0468-YRPXN
3443,5996-NRVXR
3444,3739-YBWAB
3445,7047-FWEYA
3446,2000-MPKCA
3447,9762-YAQAA
3448,5949-EBSQK
3449,5473-KHBPS
3450,0100-DUVFC
3451,5397-TUPSH
3452,8950-MTZNV
3453,0326-VDYXE
3454,6773-LQTVT
3455,7274-RTAPZ
3456,0436-TWFFZ
3457,8566-YPRGL
3458,0311-UNPFF
3459,6609-MXJHJ
3460,2669-OIDSD
3461,8400-WZICQ
3462,3834-XUIFC
3463,9576-SYUHJ
3464,0410-IPFTY
3465,2831-EBWRN
3466,9430-NKQLY
3467,8414-MYSHR
3468,0247-SLUJI
3469,9402-ORRAH
3470,6483-OATDN
3471,1293-HHSHJ
3472,4840-ORQXB
3473,7599-FKVXZ
3474,3982-DQLUS
3475,8610-ZIKJJ
3476,3756-VNWDH
3477,7801-KICAO
3478,7673-LPRNY
3479,8229-TNIQA
3480,6060-QBMGV
3481,7339-POGZN
3482,2828-SLQPF
3483,4465-VDKIQ
3484,2921-XWDJH
3485,6221-AVQYL
3486,2558-BUOZZ
3487,9257-AZMTZ
3488,0003-MKNFE
3489,0975-UYDTX
3490,7743-EXURX
3491,4682-BLBUC
3492,0975-VOOVL
3493,5968-VXZLG
3494,5569-KGJHX
3495,4988-IQIGL
3496,5201-FRKKS
3497,9799-CAYJJ
3498,7730-IUTDZ
3499,0426-TIRNE
3500,5443-SCMKX
3501,8295-KMENE
3502,6738-ISCBM
3503,9821-BESNZ
3504,3678-MNGZX
3505,1335-NTIUC
3506,2916-BQZLN
3507,4558-CGYCZ
3508,2368-GAKKQ
3509,8710-YGLWG
3510,3199-XGZCY
3511,3785-KTYSH
3512,6814-ZPWFQ
3513,4063-EIKNQ
3514,6993-YCOBK
3515,5206-HPJKM
3516,7587-RZNME
3517,0748-RDGGM
3518,8393-JMVMB
3519,5019-GQVCR
3520,6036-TTFYU
3521,2550-AEVRU
3522,0969-RGKCU
3523,0378-CJKPV
3524,4706-AXVKM
3525,5889-JTMUL
3526,9026-RNUJS
3527,3746-EUBYR
3528,2332-EFBJY
3529,2880-FPNAE
3530,1703-MGIAB
3531,4311-QTTAI
3532,9474-PHLYD
3533,4318-RAJVY
3534,2165-VOEGB
3535,3612-YUNGG
3536,2254-DLXRI
3537,5062-CJJKH
3538,9028-LIHRP
3539,2219-MVUSO
3540,1053-MXTTK
3541,1530-ZTDOZ
3542,1301-LOPVR
3543,0853-TWRVK
3544,8914-RBTSB
3545,6212-ATMLK
3546,8200-LGKSR
3547,1568-BEKZM
3548,0670-ANMUU
3549,6897-RWMUB
3550,0963-ZBDRN
3551,7594-RQHXR
3552,6999-CHVCF
3553,6134-KWTBV
3554,1077-HUUJM
3555,6331-EWIEB
3556,0895-LNKRC
3557,2045-BMBTJ
3558,8417-GSODA
3559,5171-EPLKN
3560,4452-QIIEB
3561,5998-VVEJY
3562,1624-NALOJ
3563,6741-EGCBI
3564,7820-ZYGNY
3565,4317-VTEOA
3566,9677-AVKED
3567,1670-SVOWZ
3568,2227-JRSJX
3569,9847-HNVGP
3570,6696-YDAYZ
3571,8980-WQFWL
3572,1730-ZMAME
3573,6506-EYCNH
3574,4634-JLRJT
3575,9501-UKKNL
3576,2560-QTSBS
3577,7541-YLXCL
3578,4795-WRNVT
3579,6080-TCMYC
3580,0260-ZDLGK
3581,7860-UXCRM
3582,6357-JJPQT
3583,2292-XQWSV
3584,9552-TGUZV
3585,5913-INRQV
3586,8722-NGNBH
3587,6210-KBBPI
3588,9643-YBLUR
3589,8734-FNWVH
3590,9447-YPTBX
3591,0133-BMFZO
3592,6128-CZOMY
3593,9540-JYROE
3594,9026-LHEVG
3595,2260-USTRB
3596,3656-TKRVZ
3597,7011-CVEUC
3598,6185-TASNN
3599,7925-PNRGI
3600,8623-TMRBY
3601,1552-CZCLL
3602,3038-PQIUY
3603,1501-SGHBW
3604,9313-CDOGY
3605,8148-BPLZQ
3606,2623-DRYAM
3607,9987-LUTYD
3608,3208-YPIOE
3609,4488-KQFDT
3610,2612-RANWT
3611,5693-PIPCS
3612,0491-KAPQG
3613,1925-LFCZZ
3614,8039-EQPIM
3615,6900-PXRMS
3616,8707-RMEZH
3617,3346-BRMIS
3618,3209-ZPKFI
3619,6479-VDGRK
3620,9373-WSLOY
3621,2933-FILNV
3622,3569-JFODW
3623,9819-FBNSV
3624,9544-PYPSJ
3625,1591-XWLGB
3626,0396-UKGAI
3627,3243-ZHOHY
3628,5186-EJEGL
3629,7527-QNRUS
3630,9986-BONCE
3631,2722-JMONI
3632,2203-GHNWN
3633,3878-AVSOQ
3634,3258-SYSWS
3635,5296-PSYVW
3636,6319-QSUSR
3637,4083-EUGRJ
3638,7579-OOPEC
3639,0512-FLFDW
3640,1771-OADNZ
3641,0487-CRLZF
3642,2107-FBPTK
3643,9451-WLYRI
3644,8219-VYBVI
3645,1991-VOPLL
3646,9738-QLWTP
3647,1016-DJTSV
3648,9419-IPPBE
3649,0174-QRVVY
3650,5699-BNCAS
3651,2900-PHPLN
3652,0612-RTZZA
3653,8106-GWQOK
3654,8751-EDEKA
3655,6878-GGDWG
3656,4039-PIMHX
3657,8450-LUGUK
3658,3604-WLABM
3659,0795-GMVQO
3660,2259-OUUSZ
3661,1142-IHLOO
3662,6410-LEFEN
3663,4633-MKHYU
3664,6257-RJOHI
3665,1545-JFUML
3666,3194-ORPIK
3667,7826-VVKWT
3668,1353-GHZOS
3669,2587-EKXTS
3670,5442-BXVND
3671,8816-VXNZD
3672,9378-FXTIZ
3673,1723-HKXJQ
3674,7825-GKXMW
3675,9753-OYLBX
3676,2364-UFROM
3677,6656-JWRQX
3678,6473-ULUHT
3679,1240-KNSEZ
3680,0836-SEYLU
3681,4433-JCGCG
3682,3716-BDVDB
3683,7688-AWMDX
3684,2842-BCQGE
3685,7244-QWYHG
3686,5899-MQZZL
3687,6849-OYAMU
3688,5312-UXESG
3689,9488-HGMJH
3690,6038-GCYEC
3691,2150-WLKUW
3692,7159-FVYPK
3693,7032-LMBHI
3694,1150-WFARN
3695,6088-BXMRG
3696,3144-AUDBS
3697,4821-SJHJV
3698,7346-MEDWM
3699,1137-DGOWI
3700,5616-PRTNT
3701,3812-LRZIR
3702,4818-QIUFN
3703,9483-GCPWE
3704,4227-OJHAL
3705,9220-CXRSC
3706,4993-JCRGJ
3707,9537-JALFH
3708,6698-OXETB
3709,2103-ZRXFN
3710,3724-BSCVH
3711,4877-TSOFF
3712,9209-NWPGU
3713,6961-VCPMC
3714,7306-YDSOI
3715,5288-AHOUP
3716,6688-UZPWD
3717,0655-YDGFJ
3718,8468-EHYJA
3719,6823-SIDFQ
3720,1097-FSPVW
3721,2839-RFSQE
3722,8328-SKJNO
3723,7010-ZMVBF
3724,5201-CBWYG
3725,0968-GSIKN
3726,1965-DDBWU
3727,9057-SIHCH
3728,6352-GIGGQ
3729,3635-QQRQD
3730,6771-XWBDM
3731,2897-DOVND
3732,3082-YVEKW
3733,0191-EQUUH
3734,7134-HBPBS
3735,3489-HHPFY
3736,2926-JEJJC
3737,8601-QACRS
3738,4950-BDEUX
3739,5789-LDFXO
3740,0508-OOLTO
3741,2984-TBYKU
3742,9822-WMWVG
3743,2391-SOORI
3744,9040-KZVWO
3745,2645-QTLMB
3746,4806-HIPDW
3747,1548-ARAGG
3748,6339-RZCBJ
3749,4424-TKOPW
3750,4415-WNGVR
3751,2522-AHJXR
3752,0412-UCCNP
3753,1816-FLZDK
3754,7096-UCLNH
3755,8443-ZRDBZ
3756,9136-ALYBR
3757,4615-PIVVU
3758,8885-QSQBX
3759,7479-NITWS
3760,8617-ENBDS
3761,9385-NXKDA
3762,0430-IHCDJ
3763,2959-MJHIC
3764,6674-KVJHG
3765,1814-DKOLC
3766,4201-JMNGR
3767,9351-HXDMR
3768,3537-HPKQT
3769,2129-ALKBS
3770,5821-MMEIL
3771,5960-WPXQM
3772,0684-AOSIH
3773,8260-NGFNY
3774,1309-XGFSN
3775,1866-RZZQS
3776,6968-URWQU
3777,4742-TXUEX
3778,9631-XEYKE
3779,8631-NBHFZ
3780,1335-MXCSE
3781,8873-TMKGR
3782,8800-JOOCF
3783,1469-LBJQJ
3784,4958-XCBDQ
3785,8337-UPOAQ
3786,0064-YIJGF
3787,2386-OWURY
3788,1725-IQNIY
3789,0310-VQXAM
3790,6598-RFFVI
3791,3453-RTHJQ
3792,6712-OAWRH
3793,6278-FEPBZ
3794,4280-DLSHD
3795,1508-DFXCU
3796,8614-VGMMV
3797,7868-BGSZA
3798,2800-QQUSO
3799,2930-UOTMB
3800,7973-DZRKH
3801,5914-DVBWJ
3802,7698-YFGEZ
3803,2533-QVMSK
3804,9773-PEQBZ
3805,8644-XLFBW
3806,0650-BWOZN
3807,8625-AZYZY
3808,7785-RDVIG
3809,9602-WCXPI
3810,2903-YYTBW
3811,3620-MWJNE
3812,8573-JGCZW
3813,6837-HAEVO
3814,6701-YVNQG
3815,9306-CPCBC
3816,4304-XUMGI
3817,9504-YAZWB
3818,8819-ZBYNA
3819,6174-NRBTZ
3820,9481-IEBZY
3821,1833-VGRUM
3822,6137-NICCO
3823,9065-ZCPQX
3824,6402-EJMWF
3825,3620-EHIMZ
3826,3213-VVOLG
3827,6870-ECSHE
3828,8747-UDCOI
3829,8374-XGEJJ
3830,2656-TABEH
3831,6946-LMSQS
3832,4626-OZDTJ
3833,9169-BSVIN
3834,2325-ZUSFD
3835,8194-PEEBY
3836,6872-HXFNF
3837,3932-CMDTD
3838,7714-YXSMB
3839,8387-UGUSU
3840,1080-BWSYE
3841,4039-HEUNW
3842,1194-HVAIF
3843,0812-WUPTB
3844,3594-UVONA
3845,0004-TLHLJ
3846,1767-TGTKO
3847,8439-LTUGF
3848,8805-JNRAZ
3849,5089-IFSDP
3850,6418-HNFED
3851,0206-OYVOC
3852,7291-CDTMJ
3853,7128-GGCNO
3854,0237-YFUTL
3855,7691-KGKGP
3856,6710-HSJRD
3857,3675-EQOZA
3858,0840-DCNZE
3859,1732-FEKLD
3860,9862-KJTYK
3861,0479-HMSWA
3862,5854-KSRBJ
3863,0365-BZUWY
3864,4817-VYYWS
3865,5701-SVCWR
3866,3129-AAQOU
3867,4922-CVPDX
3868,1396-QWFBJ
3869,1357-BIJKI
3870,1099-BTKWT
3871,5299-SJCZT
3872,2018-PZKMU
3873,7340-KEFQE
3874,4570-QHXHL
3875,2403-BCASL
3876,7392-YYPYJ
3877,2898-LSJGD
3878,2223-GDSHL
3879,7359-PTSXY
3880,9470-RTWDV
3881,2176-OSJUV
3882,9348-YVOMK
3883,8104-OSKWT
3884,4521-YEEHE
3885,4090-KPJIP
3886,3786-WOVKF
3887,4503-BDXBD
3888,6086-ESGRL
3889,2592-HODOV
3890,3886-CERTZ
3891,7995-ZHHNZ
3892,3824-RHKVR
3893,5816-SCGFC
3894,5989-AXPUC
3895,4979-HPRFL
3896,8590-OHDIW
3897,8015-IHCGW
3898,2332-TODQS
3899,9278-VZKCD
3900,8008-OTEZX
3901,2773-OVBPK
3902,5999-LCXAO
3903,5206-XZZQI
3904,4803-LBYPN
3905,5759-RCVCB
3906,6372-RFVNS
3907,2139-FQHLM
3908,8261-GWDBQ
3909,1093-YSWCA
3910,8938-UMKPI
3911,0991-BRRFB
3912,3882-IYOIJ
3913,8749-TZYEC
3914,1755-FZQEC
3915,3115-JPJDD
3916,5600-KTXFM
3917,3871-IKPYH
3918,6319-IEJWJ
3919,9025-AOMKI
3920,6339-TBELP
3921,7964-YESJC
3922,6173-GOLSU
3923,5275-SQEIZ
3924,7716-YTYHG
3925,9938-ZREHM
3926,7950-XWOVN
3927,4390-KYULV
3928,4647-MUZON
3929,9702-AIUJO
3930,8849-PRIQJ
3931,8851-RAGOV
3932,1304-NECVQ
3933,5396-IZEPB
3934,1729-VLAZJ
3935,8285-ABVLB
3936,0701-TJSEF
3937,5712-VBOXD
3938,6629-LADHQ
3939,8945-GRKHX
3940,1559-DTODC
3941,4797-MIWUM
3942,6959-UWKHF
3943,8720-RQSBJ
3944,4537-CIBHB
3945,3815-SLMEF
3946,5154-VEKBL
3947,4324-AHJKS
3948,4355-CVPVS
3949,4495-LHSSK
3950,5655-JSMZM
3951,5915-ANOEI
3952,9861-PDSZP
3953,4505-EXZHB
3954,7225-CBZPL
3955,6704-UTUKK
3956,4587-VVTOX
3957,2019-HDCZY
3958,4652-NNHNY
3959,8788-DOXSU
3960,7404-JLKQG
3961,7421-ZLUPA
3962,8972-HJWNV
3963,3274-NSDWE
3964,2632-IVXVF
3965,3692-JHONH
3966,8915-NNTRC
3967,5914-GXMDA
3968,7463-IFMQU
3969,2920-RNCEZ
3970,2541-YGPKE
3971,8515-OCTJS
3972,5382-TEMLV
3973,3441-CGZJH
3974,9592-ERDKV
3975,2860-RANUS
3976,5261-QSHQM
3977,4778-IZARL
3978,0432-CAJZV
3979,7008-LZVOZ
3980,8868-WOZGU
3981,1200-TUZHR
3982,9365-CSLBQ
3983,1334-FJSVR
3984,5884-FBCTL
3985,7130-CTCUS
3986,6242-FEGFD
3987,7625-XCQRH
3988,6194-HBGQN
3989,7634-WSWDB
3990,6986-IXNDM
3991,1731-TVIUK
3992,2987-BJXIK
3993,9769-TSBZE
3994,0406-BPDVR
3995,0618-XWMSS
3996,1395-WSWXR
3997,6023-GSSXW
3998,6752-APNJL
3999,5276-KQWHG
4000,0420-HLGXF
4001,7446-KQISO
4002,9823-EALYC
4003,0582-AVCLN
4004,5803-NQJZO
4005,2565-JSLRY
4006,2607-DHDAK
4007,1073-XXCZD
4008,0743-HRVFF
4009,4006-HKYHO
4010,3727-JEZTU
4011,8143-ETQTI
4012,6689-KXGBO
4013,9667-TKTVZ
4014,3657-COGMW
4015,8570-KLJYJ
4016,7754-IXRMC
4017,9473-CBZOP
4018,2969-WGHQO
4019,6615-NGGZJ
4020,4334-HOWRP
4021,4255-DDUOU
4022,5863-OOKCL
4023,1686-STUHN
4024,1329-VHWNP
4025,2984-MIIZL
4026,0266-GMEAO
4027,5590-YRFJT
4028,5574-NXZIU
4029,0019-GFNTW
4030,4256-ZWTZI
4031,8309-PPCED
4032,4098-NAUKP
4033,5196-WPYOW
4034,4608-LCIMN
4035,1485-YDHMM
4036,4054-CUMIA
4037,0603-TPMIB
4038,2525-GVKQU
4039,8161-QYMTT
4040,9581-GVBXT
4041,5862-BRIXZ
4042,5404-GGUKR
4043,3308-JSGML
4044,2126-GSEGL
4045,3677-TNKIO
4046,0440-QEXBZ
4047,2434-EEVDB
4048,6762-QVYJO
4049,6199-IWKGC
4050,2675-DHUTR
4051,8152-VETUR
4052,9667-EQRXU
4053,7446-YPODE
4054,9522-BNTHX
4055,4676-WLUHT
4056,3329-WDIOK
4057,7980-MHFLQ
4058,2873-ZLIWT
4059,3415-TAILE
4060,0757-WCUUZ
4061,1629-DQQVB
4062,1915-IOFGU
4063,3045-XETSH
4064,0374-AACSZ
4065,7239-HZZCX
4066,4872-VXRIL
4067,9140-CZQZZ
4068,3423-HHXAO
4069,9938-TKDGL
4070,0531-ZZJWQ
4071,6537-QLGEX
4072,2688-BHGOG
4073,7683-CBDKJ
4074,0946-CLJTI
4075,3160-TYXLT
4076,1325-USMEC
4077,0916-QOFDP
4078,0628-CNQRM
4079,5606-AMZBO
4080,6199-IPCAO
4081,7665-TOALD
4082,0112-QWPNC
4083,0324-BRPCJ
4084,2777-PHDEI
4085,5640-CAXOA
4086,2235-EZAIK
4087,3847-BAERP
4088,1196-AMORA
4089,4282-YMKNA
4090,1453-RZFON
4091,8263-OKETD
4092,0670-KDOMA
4093,2476-YGEFM
4094,8687-BAFGU
4095,0641-EVBOJ
4096,0829-XXPLX
4097,9974-JFBHQ
4098,5356-RHIPP
4099,6624-JDRDS
4100,0608-JDVEC
4101,9780-FKVVF
4102,1919-RTPQD
4103,5214-NLTIT
4104,3345-PBBFH
4105,5055-BRMNE
4106,9189-JWSHV
4107,2190-PHBHR
4108,2650-GYRYL
4109,0746-JTRFU
4110,5208-FVQKB
4111,7184-LRUUR
4112,6627-CFOSN
4113,3982-JGSFD
4114,1574-DYCWE
4115,7247-XOZPB
4116,2466-FCCPT
4117,6211-WWLTF
4118,4826-TZEVA
4119,6016-NXBNJ
4120,9138-EFSMO
4121,0576-WNXXC
4122,4632-XJMEX
4123,8910-LEDAG
4124,3452-GWUIN
4125,2716-GFZOR
4126,3724-UCSHY
4127,8626-XHBIE
4128,4628-CTTLA
4129,3192-LNKRK
4130,4439-YRNVD
4131,2876-VBBBL
4132,6834-NXDCA
4133,2208-UGTGR
4134,3005-TYFRD
4135,8670-MEFCP
4136,3079-BCHLN
4137,7777-UNYHB
4138,5597-GLBUC
4139,7278-CKDNC
4140,2748-MYRVK
4141,8450-UYIBU
4142,2969-VAPYH
4143,4822-YCXMX
4144,7181-OQCUT
4145,8474-UMLNT
4146,9821-POOTN
4147,3836-FZSDJ
4148,9142-XMYJH
4149,6559-ILWKJ
4150,0187-QSXOE
4151,7733-UDMTP
4152,2649-HWLYB
4153,5214-CHIWJ
4154,4229-CZMLL
4155,6904-JLBGY
4156,2465-BLLEU
4157,1685-VAYJF
4158,8874-EJNSR
4159,6917-YACBP
4160,5049-MUBWG
4161,4223-WOZCM
4162,0769-MURVM
4163,9253-VIFJQ
4164,7030-FZTFM
4165,9741-YLNTD
4166,5917-RYRMG
4167,5120-ZBLAI
4168,1194-BHJYC
4169,3663-MITLP
4170,0906-QVPMS
4171,9025-ZRPVR
4172,1905-OEILC
4173,7858-GTZSP
4174,3285-UCQVC
4175,6248-BSHKG
4176,4685-TFLLS
4177,3470-BTGQO
4178,1209-VFFOC
4179,8224-DWCKX
4180,5482-PLVPE
4181,4553-DVPZG
4182,4902-OHLSK
4183,6917-IAYHD
4184,0495-ZBNGW
4185,8620-RJPZN
4186,7572-KPVKK
4187,2642-MAWLJ
4188,2357-COQEK
4189,7103-ZGVNT
4190,3737-GCSPV
4191,2027-WKXMW
4192,7137-NAXML
4193,2428-ZMCTB
4194,2961-VNFKL
4195,1768-HNVGJ
4196,6963-KQYQB
4197,5934-RMPOV
4198,1207-BLKSA
4199,4088-YLDSU
4200,8316-BBQAY
4201,1166-PQLGG
4202,3146-JTQHR
4203,4291-YZODP
4204,4395-PZMSN
4205,6427-FEFIG
4206,0017-IUDMW
4207,8706-HRADD
4208,9955-QOPOY
4209,4385-ZKVNW
4210,5446-DKWYW
4211,2034-CGRHZ
4212,5797-APWZC
4213,3683-QKIUE
4214,4228-ZGYUW
4215,9031-ZVQPT
4216,2990-IAJSV
4217,8107-KNCIM
4218,9027-YFHQJ
4219,5176-LDKUH
4220,4644-OBGFZ
4221,7926-IJOOU
4222,6480-YAGIY
4223,4029-HPFVY
4224,7602-DBTOU
4225,5345-BMKWB
4226,3519-ZKXGG
4227,5457-COLHT
4228,6416-TVAIH
4229,5451-YHYPW
4230,5108-ADXWO
4231,7998-WNZEM
4232,3066-RRJIO
4233,4664-NJCMS
4234,0307-BCOPK
4235,7629-WFGLW
4236,2542-HYGIQ
4237,6715-OFDBP
4238,5016-LIPDW
4239,6481-LXPWL
4240,1567-DSCIC
4241,2150-UWTFY
4242,6124-ACRHJ
4243,9362-MWODR
4244,9975-GPKZU
4245,9625-RZFUK
4246,5153-LXKDT
4247,5161-UBZXI
4248,1020-JPQOW
4249,7919-ZODZZ
4250,0565-JUPYD
4251,6867-ACCZI
4252,5939-XAIXZ
4253,9054-FOWNV
4254,2683-BPJSO
4255,2157-MXBJS
4256,8207-VVMYB
4257,9732-EQMWY
4258,9360-AHGNL
4259,1087-UDSIH
4260,5269-NRGDP
4261,6195-MELTI
4262,5485-WUYWF
4263,2121-JAFOM
4264,8818-DOPVL
4265,2632-UCGVD
4266,5445-PZWGX
4267,1227-UDMZR
4268,5198-HQAEN
4269,9170-CCKOU
4270,2167-FQSTQ
4271,2819-GWENI
4272,1043-YCUTE
4273,3814-MLAXC
4274,3572-UUHRS
4275,2692-PFYTJ
4276,1226-UDFZR
4277,5955-EPOAZ
4278,6821-JPCDC
4279,8815-LMFLX
4280,9135-HSWOC
4281,8582-KRHPJ
4282,5811-IWXYM
4283,7044-YAACC
4284,8189-XRIKE
4285,1506-YJTYT
4286,4123-DVHPH
4287,6425-YQLLO
4288,5442-UTCVD
4289,2228-BZDEE
4290,7734-DBOAI
4291,2789-CZANW
4292,2091-RFFBA
4293,2114-MGINA
4294,7596-LDUXP
4295,3740-RLMVT
4296,4489-SNOJF
4297,2192-OZITF
4298,5651-CPDND
4299,2186-QZEYA
4300,1131-ALZWV
4301,7729-XBTWX
4302,9134-WYRVP
4303,3284-SVCRO
4304,9732-OUYRN
4305,0559-CKHUS
4306,2931-SVLTV
4307,6899-PPEEA
4308,7504-UWHNB
4309,2582-FFFZR
4310,8908-NMQTX
4311,2187-LZGPL
4312,1431-AIDJQ
4313,6288-LBEAR
4314,4597-NUCQV
4315,9019-QVLZD
4316,8413-YNHNV
4317,5808-TOTXO
4318,4369-NYSCF
4319,6333-YDVLT
4320,5324-KTGCG
4321,5599-HVLTW
4322,7394-LWLYN
4323,3707-LRWZD
4324,6873-UDNLD
4325,2700-LUEVA
4326,1455-ESIQH
4327,0958-YHXGP
4328,1101-SSWAG
4329,2979-SXESE
4330,4013-TLDHQ
4331,5743-KHMNA
4332,4194-FJARJ
4333,5325-UWTWJ
4334,3969-GYXEL
4335,9208-OLGAQ
4336,3244-CQPHU
4337,2674-MLXMN
4338,9708-HPXWZ
4339,6992-TKNYO
4340,4468-YDOVK
4341,3754-DXMRT
4342,5792-JALQC
4343,7130-VTEWQ
4344,2200-DSAAL
4345,4302-ZYFEL
4346,9351-LZYGF
4347,4366-CTOUZ
4348,6121-VZNQB
4349,7903-CMPEY
4350,1518-OMDIK
4351,6671-NGWON
4352,0595-ITUDF
4353,6996-KNSML
4354,1955-IBMMB
4355,0096-BXERS
4356,3806-YAZOV
4357,7998-ZLXWN
4358,6253-WRFHY
4359,9133-AYJZG
4360,2675-OTVVJ
4361,8680-CGLTP
4362,8430-TWCBX
4363,5018-GWURO
4364,6741-QRLUP
4365,4737-HOBAX
4366,0537-QYZZN
4367,3340-QBBFM
4368,1704-NRWYE
4369,2592-SEIFQ
4370,8200-KLNYW
4371,3372-CDXFJ
4372,4781-ZXYGU
4373,7632-YUTXB
4374,2718-YSKCS
4375,9896-UYMIE
4376,0853-NWIFK
4377,8212-CRQXP
4378,6980-CDGFC
4379,7691-XVTZH
4380,2520-SGTTA
4381,7481-ATQQS
4382,2277-VWCNI
4383,1088-CNNKB
4384,8642-GVWRF
4385,1930-BZLHI
4386,3400-ESFUW
4387,5868-YTYKS
4388,3525-DVKFN
4389,1482-OXZSY
4390,0377-JBKKT
4391,5778-BVOFB
4392,3373-YZZYM
4393,2057-ZBLPD
4394,0228-MAUWC
4395,5502-RLUYV
4396,0023-HGHWL
4397,7663-YJHSN
4398,4915-BFSXL
4399,3086-RUCRN
4400,5215-LNLDJ
4401,7576-JMYWV
4402,9039-RBEEE
4403,0257-KXZGU
4404,1307-ATKGB
4405,8417-FMLZI
4406,3714-XPXBW
4407,1850-AKQEP
4408,2824-DXNKN
4409,5227-JSCFE
4410,0848-ZGQIJ
4411,3621-CHYVB
4412,8042-RNLKO
4413,1792-UXAFY
4414,5372-FBKBN
4415,0420-TXVSG
4416,6217-TOWGS
4417,0515-YPMCW
4418,0378-XSZPU
4419,1045-LTCYT
4420,1544-JJMYL
4421,4636-JGAAI
4422,6874-SGLHU
4423,5951-AOFIH
4424,4729-XKASR
4425,3059-NGMXB
4426,8652-YHIYU
4427,5278-PNYOX
4428,5449-FIBXJ
4429,3486-HOOGQ
4430,5061-PBXFW
4431,8630-FJLIB
4432,3891-NLXJB
4433,4749-OJKQU
4434,0577-WHMEV
4435,5453-AXEPF
4436,3639-XJHKQ
4437,3716-LRGXK
4438,2263-SFSQZ
4439,9950-MTGYX
4440,3397-AVTKU
4441,4825-FUREZ
4442,9837-BMCLM
4443,2672-OJQZP
4444,0137-UDEUO
4445,3134-DSHVC
4446,6161-UUUTA
4447,7821-DPRQE
4448,6543-XRMYR
4449,2001-EWBQU
4450,4925-LMHOK
4451,1608-GMEWB
4452,6695-AMZUF
4453,1455-UGQVH
4454,8410-BGQXN
4455,8280-MQRQN
4456,1619-YWUBB
4457,7611-YKYTC
4458,2037-SGXHH
4459,3178-FESZO
4460,0365-GXEZS
4461,0082-OQIQY
4462,6087-MVHJH
4463,4603-JANFB
4464,3018-TFTSU
4465,3606-SBKRY
4466,4806-KEXQR
4467,0667-NSRGI
4468,7083-YNSKY
4469,6893-ODYYE
4470,8242-JSVBO
4471,2479-BRAMR
4472,9541-ZPSEA
4473,2665-NPTGL
4474,1139-WUOAH
4475,4693-VWVBO
4476,7434-SHXLS
4477,6937-GCDGQ
4478,0988-JRWWP
4479,5075-JSDKI
4480,7908-QCBCA
4481,8644-XYTSV
4482,6711-FLDFB
4483,3873-WOSBC
4484,7465-ZZRVX
4485,7975-JMZNT
4486,7251-XFOIL
4487,4116-IQRFR
4488,3714-JTVOV
4489,8259-DZLIZ
4490,0442-ZXKVS
4491,7853-WNZSY
4492,3120-FAZKD
4493,8606-OEGQZ
4494,0225-ZORZP
4495,4702-IOQDC
4496,9489-JMTTN
4497,0575-CUQOV
4498,0967-BMLBD
4499,6178-KFNHS
4500,2830-LEWOA
4501,5006-MXVRN
4502,1264-BYWMS
4503,9658-WYUFB
4504,8327-WKMIE
4505,6917-FIJHC
4506,5329-KRDTM
4507,7797-EJMDP
4508,3530-VWVGU
4509,2013-SGDXK
4510,6368-NWMCE
4511,3633-CDBUW
4512,0707-HOVVN
4513,8580-QVLOC
4514,3956-MGXOG
4515,9274-UARKJ
4516,4077-HWUYD
4517,2012-NWRPA
4518,8808-ELEHO
4519,0103-CSITQ
4520,3506-LCJDC
4521,8671-KKKOS
4522,7305-ZWMAJ
4523,9518-XXBXE
4524,3934-HXCFZ
4525,6578-KRMAW
4526,4860-IJUDE
4527,7666-WKRON
4528,9688-YGXVR
4529,0423-UDIJQ
4530,1945-XISKS
4531,4910-AQFFX
4532,2154-KVJFF
4533,5360-LJCNJ
4534,2607-FBDFF
4535,9647-ERGBE
4536,3428-XZMAZ
4537,1100-DDVRV
4538,0378-TOVMS
4539,4355-HBJHH
4540,6728-WYQBC
4541,9058-CBREO
4542,9029-FEGVJ
4543,7216-KAOID
4544,0318-QUUOB
4545,6145-NNPNO
4546,5520-FVEWJ
4547,5339-TJFEK
4548,5572-ZDXHY
4549,2074-GUHPQ
4550,4625-XMOYM
4551,5827-MWCZK
4552,1385-TQOZW
4553,5914-XRFQB
4554,4329-YPDDQ
4555,4804-NCPET
4556,3750-CKVKH
4557,5944-UGLLK
4558,8063-GBATB
4559,7787-BNTZM
4560,2252-ISRNH
4561,9415-TPKRV
4562,5322-TEUJK
4563,4547-KQRTM
4564,4877-EVATK
4565,1866-DIOQZ
4566,8375-KVTHK
4567,2697-NQBPF
4568,3709-OIJEA
4569,7639-SUPCW
4570,1386-ZIKUV
4571,0599-XNYDO
4572,6377-WHAOX
4573,6855-VLGOS
4574,8999-XXGNS
4575,8746-OQQRW
4576,3181-MIZBN
4577,0471-ARVMX
4578,7766-CLTIC
4579,5650-YLIBA
4580,0825-CPPQH
4581,9084-OAYKL
4582,6122-LJADA
4583,2400-XIWIO
4584,7524-VRLPL
4585,1069-XAIEM
4586,7569-NMZYQ
4587,5201-USSQZ
4588,2105-PHWON
4589,1494-EJZDW
4590,4884-TVUQF
4591,8003-EWNDZ
4592,1897-RCFUM
4593,9256-JTBNZ
4594,4658-HCOHW
4595,2211-RMNHO
4596,2432-TFSMK
4597,3440-JPSCL
4598,4929-ROART
4599,1834-ABKHQ
4600,1741-WTPON
4601,3932-IJWDZ
4602,1240-HCBOH
4603,3594-KADLU
4604,8065-BVEPF
4605,3796-ENZGF
4606,1734-ZMNTZ
4607,2853-CWQFQ
4608,0813-TAXXS
4609,2519-TWKFS
4610,2889-FPWRM
4611,0626-QXNGV
4612,6723-CEGQI
4613,6987-XQSJT
4614,4732-RRJZC
4615,9499-XPZXM
4616,4338-EYCER
4617,3007-FDPEA
4618,6350-XFYGW
4619,4290-BSXUX
4620,8513-OLYGY
4621,0311-QYWSS
4622,8705-DWKTI
4623,8755-IWJHN
4624,0325-XBFAC
4625,4480-QQRHC
4626,0929-PECLO
4627,3680-CTHUH
4628,1202-KKGFU
4629,6112-KTHFQ
4630,1852-XEMDW
4631,2462-XIIJB
4632,4760-XOHVN
4633,1820-DJFPH
4634,9426-SXNHE
4635,9068-FHQHD
4636,1269-FOYWN
4637,9470-YFUYI
4638,7817-BOQPW
4639,7402-EYFXX
4640,1853-UDXBW
4641,9895-VFOXH
4642,5458-CQJTA
4643,1230-QAJDW
4644,5701-ZIKJE
4645,5219-YIPTK
4646,5032-MIYKT
4647,7396-VJUZB
4648,9717-QEBGU
4649,5172-RKOCB
4650,6509-TSGWN
4651,3540-RZJYU
4652,3178-CIFOT
4653,2091-MJTFX
4654,4530-NDRKU
4655,5985-TBABQ
4656,9800-ONTFE
4657,6743-HHQPF
4658,8455-HIRAQ
4659,6616-AALSR
4660,0883-EIBTI
4661,9415-ZNBSX
4662,4018-KJYUY
4663,0722-TROQR
4664,7571-YXDAD
4665,3884-UEBXB
4666,8780-RSYYU
4667,5537-UXXVS
4668,1791-PQHBB
4669,8701-DGLVH
4670,8741-LQOBK
4671,3393-FMZPV
4672,8082-GHXOP
4673,6402-ZFPPI
4674,0980-FEXWF
4675,7486-KSRVI
4676,3011-WQKSZ
4677,8443-WVPSS
4678,3006-XIMLN
4679,8218-FFJDS
4680,1986-PHGZF
4681,9965-YOKZB
4682,0504-HHAPI
4683,9360-OMDZZ
4684,6305-YLBMM
4685,0345-XMMUG
4686,8024-XNAFQ
4687,3647-GMGDH
4688,2988-GBIVW
4689,2832-SCUCO
4690,7036-ZZKBD
4691,3791-LGQCY
4692,0265-PSUAE
4693,0463-TXOAK
4694,0594-UFTUL
4695,9509-MPYOD
4696,9128-CPXKI
4697,0129-KPTWJ
4698,8166-ZZTFS
4699,5855-EIBDE
4700,5365-LLFYV
4701,5956-YHHRX
4702,6008-NAIXK
4703,2956-GGUCQ
4704,1928-BXYIV
4705,5760-FXFVO
4706,6595-COKXZ
4707,0961-ZWLVI
4708,5181-OABFK
4709,4007-NHVHI
4710,7816-VGHTO
4711,5871-DGTXZ
4712,7550-WIQVA
4713,7544-ZVIKX
4714,0016-QLJIS
4715,7508-DQAKK
4716,5176-OLSKT
4717,9356-AXGMP
4718,3556-BVQGL
4719,0362-ZBZWJ
4720,8979-CAMGB
4721,4211-MMAZN
4722,7581-EBBOU
4723,4274-OWWYO
4724,5073-RZGBK
4725,1541-ETJZO
4726,2192-CKRLV
4727,3154-HMWUU
4728,6119-SPUDB
4729,6522-OIQSX
4730,7813-ZGGAW
4731,8748-HFWBO
4732,1052-QJIBV
4733,1319-YLZJG
4734,4106-HADHQ
4735,0723-FDLAY
4736,3050-RLLXC
4737,9298-WGMRW
4738,2369-UAPKZ
4739,3088-LHEFH
4740,2778-OCLGR
4741,6583-KQJLK
4742,8544-JNBOX
4743,6681-ZSEXG
4744,6139-ZZRBQ
4745,6116-RFVHN
4746,0637-KVDLV
4747,8884-FEEWR
4748,3125-RAHBV
4749,6633-MPWBS
4750,0373-AIVNJ
4751,8785-EPNCG
4752,1682-VCOIO
4753,5729-KLZAR
4754,2072-ZVJJX
4755,8849-AYPTR
4756,9518-IMLHK
4757,1582-RAFML
4758,3646-ITDGM
4759,8740-CRYFY
4760,3569-VLDHH
4761,8224-KDLKN
4762,7594-LZNWR
4763,4001-TSBTV
4764,2962-XPMCQ
4765,8727-XDPUD
4766,1043-UXOVO
4767,1064-FBXNK
4768,3996-ZNWYK
4769,2878-DHMIN
4770,7762-ONLJY
4771,1678-FYZOW
4772,5795-BKOYE
4773,8627-EHGIP
4774,7402-PWYJJ
4775,5480-TBGPH
4776,0018-NYROU
4777,7501-VTYLJ
4778,7608-RGIRO
4779,0480-BIXDE
4780,5895-QSXOD
4781,9814-AOUDH
4782,6175-IRFIT
4783,8760-ZRHKE
4784,1622-HSHSF
4785,8854-CCVSQ
4786,6749-UTDVX
4787,5542-DHSXL
4788,9102-OXKFY
4789,0511-JTEOY
4790,5216-WASFJ
4791,7808-DVWEP
4792,7067-KSAZT
4793,2284-VFLKH
4794,0366-NQSHS
4795,6532-YLWSI
4796,3807-BPOMJ
4797,3892-NXAZG
4798,4948-WBBKL
4799,4182-BGSIQ
4800,9300-AGZNL
4801,0988-AADSA
4802,9972-NKTFD
4803,3717-LNXKW
4804,5734-EJKXG
4805,2207-RYYRL
4806,6729-FZWSY
4807,9695-IDRZR
4808,8144-DGHXP
4809,7814-LEEVE
4810,1112-CUNAO
4811,5175-AOBHI
4812,5174-RNGBH
4813,8631-WUXGY
4814,7270-BDIOA
4815,9565-JSNFM
4816,5906-DVAPM
4817,6654-QGBZZ
4818,8348-JLBUG
4819,0607-DAAHE
4820,5641-DMBFJ
4821,9200-NLNPD
4822,2664-XJZNO
4823,9732-KPKBW
4824,3339-EAQNV
4825,0921-OHLVP
4826,3389-YGYAI
4827,9560-ARGQJ
4828,8350-NYMVI
4829,1600-DILPE
4830,0536-ESJEP
4831,4654-GGUII
4832,6478-HRRCZ
4833,8510-BBWMU
4834,6857-TKDJV
4835,2360-RDGRO
4836,0584-BJQGZ
4837,5134-IKDAY
4838,1360-XFJMR
4839,3070-DVEYC
4840,5730-RIITO
4841,9058-MJLZC
4842,5707-ORNDZ
4843,0902-XKXPN
4844,5177-RVZNU
4845,0056-EPFBG
4846,8993-IZEUX
4847,8696-JKZNU
4848,5380-AFSSK
4849,8190-ZTQFB
4850,0931-MHTEM
4851,2055-PDADH
4852,7515-LODFU
4853,0440-UEDAI
4854,1337-BOZWO
4855,0868-VJRDR
4856,8714-EUHJO
4857,6344-SFJVH
4858,3950-VPYJB
4859,8041-TMEID
4860,7321-ZNSLA
4861,6941-KXRRV
4862,3721-CNEYS
4863,8727-JQFHV
4864,9475-NNDGC
4865,1355-KUSBG
4866,3688-FTHLT
4867,0899-LIIBW
4868,2568-OIADY
4869,1384-RCUXW
4870,5825-XJOCM
4871,6848-YLDFR
4872,8125-QPFJD
4873,2320-YKQBO
4874,1193-RTSLK
4875,2302-ANTDP
4876,5923-GXUOC
4877,4973-RLZVI
4878,7869-ZYDST
4879,4501-UYKBC
4880,1215-EXRMO
4881,2305-MRGLV
4882,8404-VIOMB
4883,5233-GEEAX
4884,2359-KLTEK
4885,5304-EFJLP
4886,2673-ZALNP
4887,9184-GALIL
4888,4393-RYCRE
4889,9746-MDMBK
4890,3162-ZJZFU
4891,8404-GFGCZ
4892,8875-AKBYH
4893,4432-ADRLB
4894,0533-UCAAU
4895,1394-SUIUH
4896,3521-MNKLV
4897,2533-TIBIX
4898,8993-PHFWD
4899,1565-RHDJD
4900,7137-RYLPP
4901,3765-JXVKY
4902,5092-STPKP
4903,7330-WZLNC
4904,0114-PEGZZ
4905,3359-DSRKA
4906,8639-NHQEI
4907,7161-DFHUF
4908,3957-LXOLK
4909,3720-DBRWL
4910,6635-MYYYZ
4911,8565-WUXZU
4912,5281-BUZGT
4913,4994-OBRSZ
4914,0562-FGDCR
4915,2436-QBZFP
4916,3420-YJLQT
4917,6040-CGACY
4918,6582-PLFUU
4919,8242-PDSGJ
4920,0264-CNITK
4921,0089-IIQKO
4922,7839-NUIAA
4923,6075-QMNRR
4924,5378-IKEEG
4925,5966-EMAZU
4926,0440-EKDCF
4927,4774-HHGGS
4928,2718-GAXQD
4929,2055-BFOCC
4930,8180-AKMJV
4931,4298-OYIFC
4932,5566-SOEZD
4933,9842-EFSYY
4934,2272-WUSPA
4935,4584-LBNMK
4936,3898-GUYTS
4937,0930-EHUZA
4938,6413-XKKPU
4939,9975-SKRNR
4940,3703-KBKZP
4941,1449-XQEMT
4942,2626-URJFX
4943,4973-MGTON
4944,3682-YEUWS
4945,1223-UNPKS
4946,2612-RRIDN
4947,4735-ASGMA
4948,3446-QDSZF
4949,3669-LVWZB
4950,6892-EZDTG
4951,5117-IFGPS
4952,7379-FNIUJ
4953,1627-AFWVJ
4954,9725-SCPZG
4955,5884-GCYMI
4956,3217-FZDMN
4957,4486-EFAEB
4958,0060-FUALY
4959,7853-GVUDZ
4960,7480-QNVZJ
4961,6954-OOYZZ
4962,7088-FBAWU
4963,8313-AFGBW
4964,3943-KDREE
4965,9239-ZBZZV
4966,3097-IDVPU
4967,4398-HSCJH
4968,2197-OMWGI
4969,2303-PJYHN
4970,9795-VOWON
4971,1237-WIYYZ
4972,1987-AUELQ
4973,7852-LECYP
4974,4430-UZIPO
4975,4822-LPTYJ
4976,8165-CBKXO
4977,6527-PZFPV
4978,4855-SNKMY
4979,9593-CVZKR
4980,8595-SIZNC
4981,8008-HAWED
4982,7124-UGSUR
4983,1862-SKORY
4984,5236-XMZJY
4985,4827-DPADN
4986,2694-CIUMO
4987,5846-ABOBJ
4988,1439-LCGVL
4989,0909-SDHNU
4990,4647-XXZAM
4991,1502-XFCVR
4992,7740-KKCXF
4993,5360-XGYAZ
4994,9692-TUSXH
4995,7912-SYRQT
4996,3557-HTYWR
4997,4816-JBHOV
4998,8920-NAVAY
4999,1699-TLDLZ
5000,5600-PDUJF
5001,8292-TYSPY
5002,0567-XRHCU
5003,1867-BDVFH
5004,2067-QYTCF
5005,2359-QWQUL
5006,9103-TCIHJ
5007,7407-SUJIZ
5008,9150-KPBJQ
5009,0052-DCKON
5010,3654-ARMGP
5011,9699-UBQFS
5012,9367-TCUYN
5013,1261-FWTTE
5014,3528-HFRIQ
5015,0708-SJDIS
5016,4140-WJAWW
5017,2073-QBVBI
5018,6928-ONTRW
5019,3320-VEOYC
5020,5231-FIQPA
5021,6617-WLBQC
5022,2599-CIPQE
5023,6653-CBBOM
5024,8774-GSBUN
5025,7326-RIGQZ
5026,1401-FTHFQ
5027,3247-ZVOUO
5028,0254-FNMCI
5029,1848-LBZHY
5030,6101-IMRMM
5031,8118-TJAFG
5032,5429-LWCMV
5033,7298-IZWLY
5034,9758-MFWGD
5035,3955-JBZZM
5036,1268-ASBGA
5037,8943-URTMR
5038,4815-TUMEQ
5039,4713-LZDRV
5040,9909-IDLEK
5041,4092-OFQZS
5042,1561-BWHIN
5043,4325-NFSKC
5044,9927-DSWDF
5045,9500-LTVBP
5046,7252-NTGSS
5047,8149-AIQCG
5048,1360-JYXKQ
5049,2955-PSXOE
5050,7762-URZQH
5051,0899-WZRSD
5052,3255-GRXMG
5053,4828-FAZPK
5054,6094-ZIVKX
5055,6925-BAYGL
5056,3262-EIDHV
5057,7354-OIJLX
5058,1376-HHBDV
5059,6907-NZZIJ
5060,6133-OZILE
5061,4135-FRWKJ
5062,2911-UREFD
5063,3744-ZRRDZ
5064,5673-TIYIB
5065,6551-ZCOTS
5066,7191-ADRGF
5067,5018-LXQQG
5068,6892-BOGQE
5069,1602-IJQQE
5070,4628-WQCQQ
5071,1746-TGTWV
5072,5995-SNNEW
5073,8050-WYBND
5074,2821-WARNZ
5075,4879-GZLFH
5076,1644-IRKSF
5077,8314-HTWVE
5078,9402-ROUMJ
5079,2507-QZPQS
5080,7159-NOKYQ
5081,5707-ZMDJP
5082,8779-YIQQA
5083,7136-IHZJA
5084,8966-OIQHG
5085,7074-STDCN
5086,3705-PSNGL
5087,8739-QOTTN
5088,1399-OUPJN
5089,0277-BKSQP
5090,6502-HCJTI
5091,2606-RMDHZ
5092,5774-XZTQC
5093,2676-SSLTO
5094,6266-QHOJZ
5095,7269-JISCY
5096,0363-SVHYR
5097,8547-NSBBO
5098,8258-GSTJK
5099,6861-OKBCE
5100,9940-RHLFB
5101,6591-QGOYB
5102,9070-BCKQP
5103,6421-SZVEM
5104,1328-EUZHC
5105,2995-UPRYS
5106,8878-RYUKI
5107,9633-DENPU
5108,7811-JIVPF
5109,7113-HIPFI
5110,8541-QVFKM
5111,6686-YPGHK
5112,1383-EZRWL
5113,9258-CNWAC
5114,5371-VYLSX
5115,6374-AFWOX
5116,4759-TRPLW
5117,5317-FLPJF
5118,7621-VPNET
5119,6034-YMTOB
5120,8563-IIOXK
5121,4903-CNOZC
5122,4353-HYOJD
5123,8020-BWHYL
5124,7267-FRMJW
5125,2982-VPSGI
5126,4188-FRABG
5127,8199-ZLLSA
5128,4128-ETESU
5129,0620-DLSLK
5130,4625-EWPTF
5131,5980-NOPLP
5132,3850-OKINF
5133,6892-XPFPU
5134,8010-EZLOU
5135,1156-ZFYDO
5136,3295-YVUSR
5137,8016-NCFVO
5138,4119-ZYPZY
5139,5549-ZGHFB
5140,7577-SWIFR
5141,0303-WMMRN
5142,6408-OTUBZ
5143,5204-HMGYF
5144,1078-TDCRN
5145,3727-OVPRY
5146,3797-FKOGQ
5147,7622-NXQZR
5148,6196-HBOBZ
5149,3970-XGJDU
5150,7017-VFULY
5151,5562-YJQGT
5152,8807-OPMBM
5153,5439-WIKXB
5154,9874-QLCLH
5155,8294-UIMBA
5156,8109-YUOHE
5157,5840-NVDCG
5158,8092-NLTGF
5159,5928-QLDHB
5160,9840-EFJQB
5161,0696-UKTOX
5162,4801-KFYKL
5163,3472-OAOOR
5164,6135-OZQVA
5165,8062-YBDOE
5166,2252-JHJGE
5167,4188-PCPIG
5168,6000-APYLU
5169,7105-BENQF
5170,7721-DVEKZ
5171,3566-VVORZ
5172,9507-HSMMZ
5173,2480-SQIOB
5174,0947-IDHRQ
5175,7813-TKCVO
5176,0128-MKWSG
5177,3672-YITQD
5178,4350-ZTLPI
5179,9048-JVYVF
5180,0361-HJRDX
5181,5727-MYATE
5182,3823-KYNQY
5183,8988-ECPJR
5184,7570-WELNY
5185,3021-VLNRJ
5186,3776-EKTKM
5187,2080-CAZNM
5188,1028-FFNJK
5189,6907-FLBER
5190,3001-UNBTL
5191,5982-PSMKW
5192,3507-GASNP
5193,7096-ZNBZI
5194,1902-XBTFB
5195,1676-MQAOA
5196,0786-IVLAW
5197,7566-DSRLQ
5198,0643-OKLRP
5199,7245-JMTTQ
5200,6050-IJRHS
5201,6202-JVYEU
5202,8591-TKMZH
5203,0734-OXWBT
5204,4282-ACRXS
5205,0365-TRTPY
5206,7349-ALMUX
5207,9381-NDKME
5208,6502-KUGLL
5209,1841-YSJGV
5210,2794-XIMMO
5211,8382-SHQEH
5212,3511-BFTJW
5213,7668-XCFYV
5214,2983-ZANRP
5215,7845-URHJN
5216,3034-ZBEQN
5217,5018-HEKFO
5218,2923-ARZLG
5219,3976-NLDEZ
5220,2282-YGNOR
5221,5336-UFNZP
5222,6854-EXGSF
5223,1241-EZFMJ
5224,9233-PSYHO
5225,5376-PCKNB
5226,8044-BGWPI
5227,4060-LDNLU
5228,3589-PPVKW
5229,8327-LZKAS
5230,5887-IKKYO
5231,1075-BGWOH
5232,1755-RMCXH
5233,0302-JOIVN
5234,3858-XHYJO
5235,4299-SIMNS
5236,7025-IWFHT
5237,6261-LHRTG
5238,7841-FCRQD
5239,2056-EVGZL
5240,8777-MBMTS
5241,7753-USQYQ
5242,5366-IJEQJ
5243,7661-CPURM
5244,6233-HXJMX
5245,5902-WBLSE
5246,1981-INRFU
5247,4971-PUYQO
5248,3239-TPHPZ
5249,5115-GZDEL
5250,3338-CVVEH
5251,8485-GJCDN
5252,2615-YVMYX
5253,2851-STERV
5254,4393-GEADV
5255,8486-AYEQH
5256,1527-SXDPN
5257,6029-WTIPC
5258,8634-CILSZ
5259,5419-JKZNQ
5260,2495-KZNFB
5261,1409-PHXTF
5262,4560-WQAQW
5263,9591-YVTEB
5264,9309-BZGNT
5265,4274-DRSQT
5266,2027-DNKIV
5267,8075-GXIUB
5268,2885-HIJDH
5269,5424-RLQLC
5270,6682-QJDGB
5271,6507-DTJZV
5272,8780-IXSTS
5273,7673-BQGKU
5274,6723-WSNTY
5275,9530-EHPOH
5276,2725-IWWBA
5277,0345-HKJVM
5278,1061-PNTHC
5279,0394-YONDK
5280,6574-MCOEH
5281,7399-QHBJS
5282,3049-SOLAY
5283,0997-YTLNY
5284,3317-HRTNN
5285,9479-HYNYL
5286,3235-ETOOB
5287,9708-KFDBY
5288,8058-INTPH
5289,3642-GKTCT
5290,0774-RMNUW
5291,1334-PDUKM
5292,0756-MPZRL
5293,2242-MFOTG
5294,2927-CVULT
5295,2144-BFDSO
5296,8745-PVESG
5297,7647-GYYKX
5298,5647-FXOTP
5299,5569-OUICF
5300,8821-XNHVZ
5301,2082-OJVTK
5302,9700-ISPUP
5303,9839-ETQOE
5304,6078-VESFR
5305,9027-TMATR
5306,5940-NFXKV
5307,1941-HOSAM
5308,9110-HSGTV
5309,0704-VCUMB
5310,6171-ZTVYB
5311,8053-WWDRO
5312,9564-KCLHR
5313,1935-IMVBB
5314,2535-PBCGC
5315,2082-CEFLT
5316,1470-PSXNM
5317,1213-NGCUN
5318,2498-XLDZR
5319,9866-OCCKE
5320,5338-YHWYT
5321,7718-UPSKJ
5322,8731-WBBMB
5323,1448-CYWKC
5324,7901-IIDQV
5325,2690-DVRVK
5326,5688-KZTSN
5327,1270-XKUCC
5328,0334-ZFJSR
5329,2894-QOJRX
5330,5747-PMBSQ
5331,5583-EJXRD
5332,4565-EVZMJ
5333,3143-JQEGI
5334,6386-SZZKH
5335,3327-YBAKM
5336,9441-QHEVC
5337,6705-LNMDD
5338,2580-ASVVY
5339,3370-GQEAL
5340,5032-USPKF
5341,2982-IHMFT
5342,3521-SYVOR
5343,4254-QPEDE
5344,6283-GITPX
5345,9526-JAWYF
5346,0771-CHWSK
5347,9788-HNGUT
5348,9495-REDIY
5349,5375-XLDOF
5350,1172-VIYBP
5351,5649-VUKMC
5352,6559-PDZLR
5353,8992-OBVDG
5354,4273-MBHYA
5355,4724-WXVWF
5356,5701-GUXDC
5357,1460-UZPRJ
5358,6082-GLJIX
5359,5143-EGQFK
5360,4919-IKATY
5361,2495-TTHBQ
5362,0485-ZBSLN
5363,3810-PJUHR
5364,9050-QLROH
5365,0847-HGRML
5366,8232-CTLKO
5367,9227-YBAXE
5368,6168-WFVVF
5369,9860-LISIZ
5370,0112-QAWRZ
5371,0877-SDMBN
5372,2786-GCDPI
5373,4043-MKDTV
5374,8065-YKXKD
5375,9637-EIHEQ
5376,9229-RQABD
5377,8313-KTIHG
5378,5320-BRKGK
5379,6284-KMNUF
5380,9689-PTNPG
5381,9465-RWMXL
5382,6229-UOLQL
5383,2362-IBOOY
5384,3137-LUPIX
5385,0843-WTBXE
5386,6143-JQKEA
5387,8676-OOQEJ
5388,5515-IDEJJ
5389,9701-CDXHR
5390,7450-NWRTR
5391,8124-NZVGJ
5392,2162-FRZAA
5393,5376-DEQCP
5394,5118-MUEYH
5395,9095-HFAFX
5396,5627-TVBPP
5397,2379-ENZGV
5398,3936-QQFLL
5399,2589-AYCRP
5400,4067-HLYQI
5401,5124-EOGYE
5402,5057-RKGLH
5403,0292-WEGCH
5404,8910-ICHIU
5405,4097-YODCF
5406,9715-WZCLW
5407,9786-YWNHU
5408,6407-GSJNL
5409,6005-OBZPH
5410,4049-ZPALD
5411,7932-WPTDS
5412,3733-UOCWF
5413,6833-JMZYP
5414,2722-VOJQL
5415,1310-QRITU
5416,8961-QDZZJ
5417,9715-SBVSU
5418,8490-BXHEO
5419,7173-TETGO
5420,7929-SKFGK
5421,2300-RQGOI
5422,3563-SVYLG
5423,5228-EXCET
5424,6435-VWCCY
5425,4998-IKFSE
5426,8630-QSGXK
5427,2455-USLMV
5428,7394-FKDNK
5429,9488-FVZCC
5430,6331-LWDTQ
5431,5995-WWKKG
5432,1597-FZREH
5433,7879-CGSFV
5434,9921-EZKBY
5435,7432-FFVAR
5436,7246-ZGQDF
5437,7000-WCEVQ
5438,0727-IWKVK
5439,5959-BELXA
5440,4456-RHSNB
5441,3512-IZIKN
5442,2481-SBOYW
5443,7109-MFBYV
5444,1833-TCXKK
5445,1832-PEUTS
5446,6141-OOXUQ
5447,8660-BUETV
5448,0580-PIQHM
5449,5696-CEIQJ
5450,7503-ZGUZJ
5451,1696-HXOWK
5452,3026-ATZYV
5453,4012-YCFAI
5454,2506-TNFCO
5455,9970-QBCDA
5456,8718-PTMEZ
5457,9496-IVVRP
5458,2207-OBZNX
5459,2657-VPXTA
5460,6551-VLJMV
5461,1221-GHZEP
5462,9289-LBQVU
5463,6142-VSJQO
5464,3458-IDMFK
5465,6933-FHBZC
5466,0221-NAUXK
5467,9770-KXGQU
5468,6437-UKHMV
5469,6538-POCHL
5470,6726-NNFWD
5471,3002-WQZWT
5472,4277-UDIEF
5473,1208-NBVFH
5474,4912-PIGUY
5475,1114-CENIM
5476,6060-DRTNL
5477,2725-TTRIQ
5478,3374-TTZTK
5479,8990-ZXLSU
5480,2275-RBYQS
5481,8473-VUVJN
5482,6289-CPNLD
5483,5536-SLHPM
5484,4419-UJMUS
5485,7794-JASDG
5486,7609-YBPXG
5487,5519-TEEUH
5488,7856-GANIL
5489,0804-XBFBV
5490,2676-OXPPQ
5491,3703-TTEPD
5492,2799-TSLAG
5493,0196-VULGZ
5494,8837-VVWLQ
5495,2696-NARTR
5496,2208-NKVVH
5497,7614-QVWQL
5498,1976-CFOCS
5499,4631-OACRM
5500,7139-JZFVG
5501,4987-GQWPO
5502,3755-JBMNH
5503,1757-TCATG
5504,6345-ULYRW
5505,4776-XSKYQ
5506,8048-DSDFQ
5507,5753-QQWPW
5508,6010-DDPPW
5509,1809-DMJHQ
5510,6693-FRIRW
5511,6586-MYGKD
5512,3173-NVMPX
5513,0248-PGHBZ
5514,0623-GDISB
5515,2892-GESUL
5516,6923-EFPNL
5517,7472-EQOAV
5518,9574-RKJIF
5519,2043-WVTQJ
5520,8034-RYTVV
5521,3863-QSTYI
5522,2619-WFQWU
5523,5044-LRQAQ
5524,1716-LSAMB
5525,1333-PBMXB
5526,6546-OPBBH
5527,5985-BEHZK
5528,9127-QRZMH
5529,5919-VCZYM
5530,9644-KVCNC
5531,2137-DQMEV
5532,8174-LNWMW
5533,9279-CJEOJ
5534,7964-VEXDG
5535,2404-JIBFC
5536,0778-NELLA
5537,8029-XYPWT
5538,4614-NUVZD
5539,4632-PAOYU
5540,3803-KMQFW
5541,6804-GDMOI
5542,2990-OGYTD
5543,6646-JPPHA
5544,9572-MTILT
5545,7658-UYUQS
5546,7880-XSOJX
5547,9611-CTWIH
5548,4589-IUAJB
5549,0329-GTIAJ
5550,8746-BFOAJ
5551,8457-XIGKN
5552,6072-NUQCB
5553,6629-CZTTH
5554,8838-GPHZP
5555,8750-QWZAJ
5556,5364-EVNIB
5557,6918-UMQCG
5558,0675-NCDYU
5559,6339-DKLMK
5560,1346-PJWTK
5561,5088-QZLRL
5562,8023-QHAIO
5563,4397-FRLTA
5564,3057-VJJQE
5565,5087-SUURX
5566,2302-OUZXB
5567,8133-ANHHJ
5568,2270-CHBFN
5569,0013-EXCHZ
5570,5982-FPVQN
5571,9107-UKCKY
5572,4654-ULTTN
5573,5550-VFRLC
5574,5546-BYZSM
5575,1492-KGETH
5576,4929-BSTRX
5577,4163-HFTUK
5578,8215-NGSPE
5579,2225-ZRGSG
5580,8859-YSTWS
5581,5271-YNWVR
5582,7601-DHFWZ
5583,2657-ALMWY
5584,6330-JKLPC
5585,4667-OHGKG
5586,1998-VHJHK
5587,1707-HABPF
5588,1660-HSOOQ
5589,7253-UVNDW
5590,0487-VVUVK
5591,7228-OMTPN
5592,5063-IUOKK
5593,4508-OEBEY
5594,0027-KWYKW
5595,2308-STERM
5596,5982-XMDEX
5597,6284-AHOOQ
5598,6051-PTVNS
5599,2344-JMOGN
5600,3799-ISUZQ
5601,2877-VDUER
5602,9152-AMKAK
5603,1794-HBQTJ
5604,9432-VOFYX
5605,8049-WJCLQ
5606,6586-PSJOX
5607,2460-FPSYH
5608,9705-ZJBCG
5609,4818-DRBQT
5610,1320-HTRDR
5611,6847-KJLTS
5612,9670-BPNXF
5613,3913-FCUUW
5614,3301-VKTGC
5615,1493-AMTIE
5616,9555-SAHUZ
5617,0816-TSPHQ
5618,9932-WBWIK
5619,4619-EVPHY
5620,5286-YHCVC
5621,6424-ELEYH
5622,4391-RESHN
5623,9115-YQHGA
5624,4462-CYWMH
5625,8963-MQVYN
5626,2458-EOMRE
5627,9334-GWGOW
5628,6821-BUXUX
5629,5028-HTLJB
5630,9801-GDWGV
5631,6542-LWGXJ
5632,5567-GZKQY
5633,1222-LRYKO
5634,2320-JRSDE
5635,2087-QAREY
5636,0601-WZHJF
5637,4423-JWZJN
5638,5143-WMWOG
5639,6490-FGZAT
5640,5393-RXQSZ
5641,7452-FOLON
5642,2320-TZRRH
5643,0231-LXVAP
5644,9444-JTXHZ
5645,4942-VZZOM
5646,5510-BOIUJ
5647,7502-BNYGS
5648,4291-HYEBC
5649,6147-CBCRA
5650,6047-SUHPR
5651,4471-KXAUH
5652,9752-ZNQUT
5653,7638-QVMVY
5654,1576-PFZIW
5655,5666-MBJPT
5656,7312-XSBAT
5657,3096-GKWEB
5658,2371-JQHZZ
5659,0674-GCDXG
5660,1121-QSIVB
5661,4396-KLSEH
5662,3244-DCJWY
5663,2824-MYYBN
5664,0875-CABNR
5665,6345-HOVES
5666,8318-LCNBW
5667,6469-QJKZW
5668,0147-ESWWR
5669,1217-VASWC
5670,7812-FZHPE
5671,6370-ZVHDV
5672,5915-DGNVC
5673,6260-XLACS
5674,3566-CAAYU
5675,4983-CCWMC
5676,9103-CXVOK
5677,2896-TBNBE
5678,4797-AXPXK
5679,5229-PRWKT
5680,6982-UQZLY
5681,2522-WLNSF
5682,3841-CONLJ
5683,5057-LCOUI
5684,0193-ESZXP
5685,4475-NVTLU
5686,4369-HTUIF
5687,9386-LDCZR
5688,9585-KKMFD
5689,5399-ZIMKF
5690,0336-KXKFK
5691,5619-XZZKR
5692,3948-FVVRP
5693,5327-XOKKY
5694,0983-TATYJ
5695,1813-JYWTO
5696,0156-FVPTA
5697,1984-FCOWB
5698,0654-HMSHN
5699,6719-OXYBR
5700,3312-ZWLGF
5701,6476-YHMGA
5702,5287-QWLKY
5703,0795-XCCTE
5704,0168-XZKBB
5705,3785-NRHYR
5706,5196-SGOAK
5707,4537-DKTAL
5708,7072-MBHEV
5709,5602-BVFMK
5710,6297-NOOPG
5711,1891-UAWWU
5712,8204-TIFGJ
5713,8050-DVOJX
5714,6108-OQZDQ
5715,0363-QJVFX
5716,8903-XEBGX
5717,8169-SAEJD
5718,9840-DVNDC
5719,1089-XZWHH
5720,2325-WINES
5721,6064-ZATLR
5722,3096-JRDSO
5723,7824-PANSQ
5724,8042-JVNFH
5725,9648-BCHKM
5726,2888-ADFAO
5727,8707-HOEDG
5728,3374-LXDEV
5729,4072-IPYLT
5730,7167-PCEYD
5731,4936-YPJNK
5732,1580-BMCMR
5733,4817-KEQSP
5734,6408-WHTEF
5735,9251-AWQGT
5736,8749-CLJXC
5737,7989-VCQOH
5738,5049-GLYVG
5739,4199-QHJNM
5740,8882-TLVRW
5741,5883-GTGVD
5742,5135-GRQJV
5743,2384-OVPSA
5744,1371-WEPDS
5745,3580-GICBM
5746,4817-QRJSX
5747,9730-DRTMJ
5748,4686-UXDML
5749,3349-ANQNH
5750,2398-YPMUR
5751,0932-YIXYU
5752,7480-SPLEF
5753,7636-XUHWW
5754,1431-CYWMH
5755,5937-EORGB
5756,6349-JDHQP
5757,5539-HIVAK
5758,5847-MXBEO
5759,9985-MWVIX
5760,4583-PARNH
5761,1116-FRYVH
5762,1421-HCERK
5763,9633-XQABV
5764,0716-BQNDX
5765,1265-XTECC
5766,1183-CANVH
5767,1972-XMUWV
5768,8679-LZBMD
5769,3407-JMJQQ
5770,6252-DFGTK
5771,1539-LNKHM
5772,8645-KOMJQ
5773,0289-IVARM
5774,9761-XUJWD
5775,4057-FKCZK
5776,4291-TPNFG
5777,6087-YPWHO
5778,3090-QFUVD
5779,2237-ZFSMY
5780,1722-LDZJS
5781,1818-ESQMW
5782,4871-JTKJF
5783,1415-YFWLT
5784,7401-RUBNK
5785,0506-YLVKJ
5786,8661-BOYNW
5787,6711-VTNRE
5788,4815-GBTCD
5789,2805-AUFQN
5790,0980-PVMRC
5791,7233-DRTRF
5792,3500-RMZLT
5793,3873-NFTGI
5794,1162-ECVII
5795,7048-GXDAY
5796,8571-ZCMCX
5797,1169-WCVAK
5798,4548-SDBKE
5799,8066-POXGX
5800,7129-CAKJW
5801,8695-ARGXZ
5802,3570-YUEKJ
5803,4143-OOBWZ
5804,1555-HAPSU
5805,1697-NVVGY
5806,7854-EKTJL
5807,8464-EETCQ
5808,2419-FSORS
5809,8132-YPVBX
5810,9102-IAYHT
5811,6754-LZUKA
5812,3422-LYEPQ
5813,8099-MZPUJ
5814,0787-LHDYT
5815,2642-DTVCO
5816,0374-IOEGQ
5817,4361-JEIVL
5818,3197-NNYNB
5819,3396-DKDEL
5820,1752-OZXFY
5821,9066-QRSDU
5822,9112-WSNPU
5823,9867-NNXLC
5824,5321-NTRKC
5825,1363-TXLSL
5826,9507-EXLTT
5827,3161-GETRM
5828,0402-OAMEN
5829,6933-VLYFX
5830,6754-WKSHP
5831,9846-GKXAS
5832,6017-PPLPX
5833,4976-LNFVV
5834,5055-MGMGF
5835,4641-FROLU
5836,2862-JVEOY
5837,2969-QWUBZ
5838,9822-BIIGN
5839,2077-MPJQO
5840,1534-OULXE
5841,7136-RVDTZ
5842,2971-SGAFL
5843,1480-IVEVR
5844,2905-KFQUV
5845,4581-SSPWD
5846,3370-HXOPH
5847,9391-YZEJW
5848,9958-MEKUC
5849,0281-CNTZX
5850,6927-WTFIV
5851,4118-CEVPF
5852,3398-ZOUAA
5853,9114-VEPUF
5854,7876-BEUTG
5855,2338-BQEZT
5856,9873-MNDKV
5857,0378-NHQXU
5858,8241-JUIQO
5859,2194-IIQOF
5860,4512-ZUIYL
5861,9631-RXVJM
5862,9584-EXCDZ
5863,7969-AULMZ
5864,5093-FEGLU
5865,2621-UDNLU
5866,7526-IVLYU
5867,2428-HYUNX
5868,9214-EKVXR
5869,3410-MHHUM
5870,0568-ONFPC
5871,0733-VUNUW
5872,4550-EVXNY
5873,2122-YWVYA
5874,2968-SSGAA
5875,2296-DKZFP
5876,4844-JJWUY
5877,6777-TGHTM
5878,8909-BOLNL
5879,6603-YRDCJ
5880,3538-WZPHD
5881,3229-USWAR
5882,2138-VFAPZ
5883,6131-JLWZM
5884,4785-QRJHC
5885,0269-XFESX
5886,1709-EJDOX
5887,4316-XCSLJ
5888,8610-WFCJF
5889,9693-XMUOB
5890,0383-CLDDA
5891,4905-JEFDW
5892,2709-UQGNP
5893,3549-ZTMNH
5894,7881-INRLC
5895,8033-ATFAS
5896,1635-NZATJ
5897,0562-HKHML
5898,8277-RVRSV
5899,9943-VSZUV
5900,0117-LFRMW
5901,6172-FECYY
5902,7054-ENNGU
5903,1455-HFBXA
5904,9402-CXWPL
5905,1628-BIZYP
5906,1965-AKTSX
5907,0082-LDZUE
5908,4786-UKSNZ
5909,5343-SGUBI
5910,0856-NAOES
5911,1976-AZZPJ
5912,7248-VZQLC
5913,6156-UZDLF
5914,3099-OONVS
5915,9500-WBGRP
5916,5183-KLYEM
5917,5144-PQCDZ
5918,8514-VZHEB
5919,6625-IUTTT
5920,9355-NPPFS
5921,0068-FIGTF
5922,5965-GGPRW
5923,8035-PWSEV
5924,2236-HILPA
5925,1840-BIUOG
5926,1356-MKYSK
5927,6080-LNESI
5928,1830-IPXVJ
5929,5828-DWPIL
5930,8398-TBIYD
5931,0011-IGKFF
5932,4192-GORJT
5933,6496-SLWHQ
5934,9912-GVSEQ
5935,2931-FSOHN
5936,9418-RUKPH
5937,5383-MMTWC
5938,9971-ZWPBF
5939,4712-AUQZO
5940,9711-FJTBX
5941,2908-ZTPNF
5942,7240-ETPTR
5943,2202-CUYXZ
5944,5995-OIGLP
5945,8421-WZOOW
5946,6261-RCVNS
5947,7951-QKZPL
5948,1414-YADCW
5949,8756-RDDLT
5950,2862-PFNIK
5951,5816-QVHRX
5952,4430-YHXGG
5953,6888-SBYAI
5954,7395-XWZOY
5955,7169-YWAMK
5956,3640-PHQXK
5957,6877-LGWXO
5958,6859-RKMZJ
5959,2729-VNVAP
5960,2957-JIRMN
5961,2049-BAFNW
5962,3842-QTGDL
5963,7163-OCEQI
5964,9782-LGXMC
5965,5975-BAICR
5966,8019-ENHXU
5967,5167-GBFRE
5968,9033-EOXWV
5969,4673-KKSLS
5970,4853-OITSN
5971,9800-OUIGR
5972,1324-NLTJE
5973,2324-EFHVG
5974,7094-MSZAO
5975,1522-VVDMG
5976,6907-CQGPN
5977,0780-XNZFN
5978,0239-OXEXL
5979,2675-IJRGJ
5980,7049-GKVZY
5981,8577-QSOCG
5982,3721-CNZHX
5983,0212-ISBBF
5984,9185-TQCVP
5985,3585-YNADK
5986,5271-DBYSJ
5987,1099-GODLO
5988,6828-HMKWP
5989,5567-WSELE
5990,1472-TNCWL
5991,8063-RJYNF
5992,0687-ZVTHB
5993,2080-GKCWQ
5994,9661-ACXBS
5995,2193-SFWQW
5996,5656-JAMLX
5997,3462-BJQQA
5998,0442-TDYUO
5999,6733-LRIZX
6000,9503-XJUME
6001,4367-NHWMM
6002,3727-RJMEO
6003,3779-OSWCF
6004,6736-DHUQI
6005,3915-ODIYG
6006,1360-RCYRT
6007,2724-FJDYW
6008,4451-RWASJ
6009,6646-VRFOL
6010,3460-TJBWI
6011,5917-HBSDW
6012,5685-IIXLY
6013,5671-UUNXD
6014,0956-ACVZC
6015,2325-NBPZG
6016,4250-ZBWLV
6017,4482-FTFFX
6018,8859-DZTGQ
6019,0440-MOGPM
6020,0020-JDNXP
6021,3752-CQSJI
6022,5025-GOOKI
6023,4698-KVLLG
6024,5095-AESKG
6025,2887-JPYLU
6026,4770-QAZXN
6027,4896-CPRPF
6028,1871-MOWRM
6029,9714-EDSUC
6030,2027-OAQQC
6031,0282-NVSJS
6032,9090-SGQXL
6033,6595-YGXIT
6034,7353-YOWFP
6035,9835-ZIITK
6036,8008-ESFLK
6037,7537-CBQUZ
6038,1555-DJEQW
6039,5649-TJHOV
6040,0519-XUZJU
6041,3363-EWLGO
6042,4750-UKWJK
6043,6338-AVWCY
6044,1689-YQBYY
6045,4487-ZYJZK
6046,2959-FENLU
6047,0708-LGSMF
6048,9253-QXKBE
6049,7634-HLQJR
6050,0487-RPVUM
6051,4079-ULGFR
6052,2516-XSJKX
6053,0057-QBUQH
6054,9445-SZLCH
6055,6599-SFQVE
6056,8331-ZXFOE
6057,4003-FUSHP
6058,0356-ERHVT
6059,7325-ENZFI
6060,4884-ZTHVF
6061,3920-HIHMQ
6062,3055-OYMSE
6063,0613-WUXUM
6064,7568-PODML
6065,4458-KVRBJ
6066,5349-IECLD
6067,1397-XKKWR
6068,3945-GFWQL
6069,8097-OMULG
6070,6013-BHCAW
6071,0401-WDBXM
6072,3387-PLKUI
6073,6096-EGVTU
6074,3797-VTIDR
6075,5081-NWSUP
6076,2580-ATZSQ
6077,8085-MSNLK
6078,9691-HKOVS
6079,9881-VCZEP
6080,9526-BIHHD
6081,8757-TFHHJ
6082,4523-WXCEF
6083,1468-DEFNC
6084,5119-KEPFY
6085,8364-TRMMK
6086,0916-KNFAJ
6087,8319-QBEHW
6088,3063-QFSZL
6089,8775-LHDJH
6090,9625-QNLUX
6091,3097-NQYSN
6092,4024-CSNBY
6093,7110-BDTWG
6094,7493-GVFIO
6095,0690-SRQID
6096,9605-WGJVW
6097,9114-DPSIA
6098,4700-UBQMV
6099,7711-GQBZC
6100,3565-UNOCC
6101,4627-MIHJH
6102,9795-NREXC
6103,8573-CGOCC
6104,7356-AYNJP
6105,9249-FXSCK
6106,5493-SDRDQ
6107,6286-SUUWT
6108,4819-HJPIW
6109,8654-DHAOW
6110,5438-QMDDL
6111,9812-GHVRI
6112,5553-AOINX
6113,1228-ZLNBX
6114,4226-KKDON
6115,3831-YCPUO
6116,7445-WMRBW
6117,3308-DGHKL
6118,9924-JPRMC
6119,0080-EMYVY
6120,6218-KNUBD
6121,7337-CINUD
6122,7609-NRNCA
6123,0623-EJQEG
6124,7153-CHRBV
6125,0871-URUWO
6126,9190-MFJLN
6127,6198-PNNSZ
6128,3317-VLGQT
6129,4132-POCZS
6130,5614-DNZCE
6131,1095-JUDTC
6132,3896-RCYYE
6133,9638-JIQYA
6134,3258-SANFR
6135,3726-TBHQT
6136,3190-ITQXP
6137,0870-VEMYL
6138,4833-QTJNO
6139,3039-MJSLN
6140,0178-CIIKR
6141,5385-SUIRI
6142,3982-XWFZQ
6143,5774-QPLTF
6144,2322-VCZHZ
6145,5010-IPEAQ
6146,4009-ALQFH
6147,6383-ZTSIW
6148,8990-YOZLV
6149,3069-SSVSN
6150,5222-IMUKT
6151,3627-FCRDW
6152,7562-GSUHK
6153,6685-XSHHU
6154,8901-UPRHR
6155,4903-UYAVB
6156,0118-JPNOY
6157,6776-TLWOI
6158,3845-FXCYS
6159,5857-XRECV
6160,0725-CXOTM
6161,4343-EJVQB
6162,9000-PLFUZ
6163,3427-GGZZI
6164,7779-ORAEL
6165,0644-OQMDK
6166,4077-CROMM
6167,3154-CFSZG
6168,2868-MZAGQ
6169,4847-QNOKA
6170,2220-IAHLS
6171,1658-XUHBX
6172,6379-RXJRQ
6173,2378-HTWFW
6174,8650-RHRKE
6175,4377-VDHYI
6176,0475-RIJEP
6177,1260-TTRXI
6178,3719-TDVQB
6179,6328-ZPBGN
6180,0201-MIBOL
6181,4937-QPZPO
6182,2925-VDZHY
6183,6981-TDRFT
6184,3413-CSSTH
6185,8033-VCZGH
6186,4789-KWMXN
6187,0224-NIJLP
6188,7542-CYDDM
6189,4718-WXBGI
6190,2867-UIMSS
6191,8495-PRWFH
6192,0439-IFYUN
6193,5716-LIBJC
6194,2868-LLSKM
6195,8111-RKSPX
6196,2988-QRAJY
6197,1585-MQSSU
6198,0071-NDAFP
6199,2856-NNASM
6200,7328-ZJAJO
6201,6458-CYIDZ
6202,8559-CIZFV
6203,1090-PYKCI
6204,3058-WQDRE
6205,7547-EKNFS
6206,2279-AXJJK
6207,6769-DYBQN
6208,0909-SELIE
6209,3417-TSCIC
6210,1042-HFUCW
6211,4439-JMPMT
6212,6537-OTKMY
6213,8999-EXMNO
6214,6725-TPKJO
6215,2446-BEGGB
6216,7162-WPHPM
6217,1599-MMYRQ
6218,8821-KVZKQ
6219,1496-GGSUK
6220,6434-TTGJP
6221,0042-JVWOJ
6222,0130-SXOUN
6223,2575-GFSOE
6224,2330-PQGDQ
6225,1452-UZOSF
6226,2097-YVPKN
6227,2842-JTCCU
6228,8597-CTXVJ
6229,6631-HMANX
6230,9962-BFPDU
6231,3296-SILRA
6232,9681-OXGVC
6233,6394-HHHZM
6234,5995-LFTLE
6235,5180-UCIIQ
6236,1932-UEDCX
6237,7153-OANIO
6238,5188-HGMLP
6239,0665-XHDJU
6240,6521-YYTYI
6241,8878-HMWBV
6242,8265-HKSOW
6243,3544-FBCAS
6244,5331-RGMTT
6245,4759-PXTAN
6246,7054-DMVAS
6247,3428-MMGUB
6248,6549-BTYPG
6249,7823-JSOAG
6250,3705-RHRFR
6251,9374-YOLBJ
6252,9074-KGVOX
6253,6128-DAFVY
6254,9933-QRGTX
6255,4476-OSWTN
6256,3751-KTZEL
6257,1977-STDKI
6258,5066-GFJMM
6259,2661-GKBTK
6260,0458-HEUZG
6261,7268-WNTCP
6262,0824-VWDPO
6263,8409-WQJUX
6264,2578-JQPHZ
6265,3278-FSIXX
6266,5813-UECBU
6267,0328-GRPMV
6268,9746-UGFAC
6269,2946-KIQSP
6270,0625-AFOHS
6271,6726-WEXXK
6272,4636-OLWOE
6273,4342-HENTK
6274,4685-ERGHK
6275,0885-HMGPY
6276,5003-OKNNK
6277,4195-SMMNX
6278,7208-PSIHR
6279,4012-ZTHBR
6280,0489-WMEMG
6281,7435-ZNUYY
6282,1354-YZFNB
6283,6956-SMUCM
6284,2985-FMWYF
6285,2812-ENYMO
6286,2717-HVIZY
6287,3223-WZWJM
6288,3422-GALYP
6289,9053-JZFKV
6290,2530-ENDWQ
6291,2890-WFBHU
6292,0327-WFZSY
6293,7977-HXJKU
6294,6615-ZGEDR
6295,7033-CLAMM
6296,4023-RTIQM
6297,0864-FVJNJ
6298,7356-IWLFW
6299,9541-PWTWO
6300,3967-VQOGC
6301,7872-RDDLZ
6302,9250-WYPLL
6303,6308-CQRBU
6304,2754-XBHTB
6305,1597-LHYNC
6306,0186-CAERR
6307,3043-SUDUA
6308,5442-BHQNG
6309,2169-RRLFW
6310,5872-OEQNH
6311,3162-KKZXO
6312,7055-VKGDA
6313,0754-UKWQP
6314,8873-GLDMH
6315,5696-JVVQY
6316,8946-BFWSG
6317,7493-TPUWZ
6318,0547-HURJB
6319,8904-OPDCK
6320,8845-LWKGE
6321,1577-HKTFG
6322,8752-STIVR
6323,0691-NIKRI
6324,5022-JNQEQ
6325,4558-FANTW
6326,3249-VHRIP
6327,3736-BLEPA
6328,4701-LKOZD
6329,6603-QWSPR
6330,9921-QFQUL
6331,1929-ZCBHE
6332,4378-MYPGO
6333,8651-ENBZX
6334,4129-LYCOI
6335,7798-JVXYM
6336,8647-SDTWQ
6337,2696-ECXKC
6338,2081-KJSQF
6339,7623-TRNQN
6340,3323-CPBWR
6341,9330-IJWIO
6342,3384-CTMSF
6343,0902-RFHOF
6344,9286-DOJGF
6345,6048-QBXKL
6346,9661-MHUMO
6347,7718-RXDGG
6348,1025-FALIX
6349,3451-VAWLI
6350,3407-QGWLG
6351,1842-EZJMK
6352,2347-WKKAE
6353,8735-DCXNF
6354,3214-IYUUQ
6355,1936-UAFEH
6356,3587-PMCOY
6357,8079-XRJRS
6358,1027-LKKQQ
6359,7148-XZPHA
6360,8073-IJDCM
6361,5309-TAIKL
6362,6856-RAURS
6363,8778-LMWTJ
6364,9717-IOAAF
6365,8884-ADFVN
6366,2845-KDHVX
6367,0848-SOMKO
6368,2720-WGKHP
6369,6734-FQAJX
6370,2869-ADAWR
6371,1535-VTJOQ
6372,6368-TZZDT
6373,0943-ZQPXH
6374,1293-BSEUN
6375,9894-EZEWG
6376,1302-TPUBN
6377,7851-FLGGQ
6378,0637-UBJRP
6379,0940-OUQEC
6380,2378-VTKDH
6381,0927-CNGRH
6382,8608-OZTLB
6383,2335-GSODA
6384,1952-DVVSW
6385,0702-PGIBZ
6386,6656-GULJQ
6387,9853-JFZDU
6388,1963-VAUKV
6389,3777-XROBG
6390,6994-FGRHH
6391,4000-VGMQP
6392,3999-WRNGR
6393,3466-RITXD
6394,2680-XKKNJ
6395,3058-HJCUY
6396,2974-GGUXS
6397,7994-XIRTR
6398,3259-FDWOY
6399,2101-RANCD
6400,7921-BEPCI
6401,0807-ZABDG
6402,8510-TMWYB
6403,3258-ZKPAI
6404,1428-IEDPR
6405,5298-GSTLM
6406,4450-YOOHP
6407,6728-CZFEI
6408,5748-RNCJT
6409,3653-NCRDJ
6410,6121-TNHBO
6411,5119-NZPTV
6412,6519-ZHPXP
6413,7739-LAXOG
6414,3472-QPRCH
6415,8224-UAXBZ
6416,9610-WCESF
6417,9776-CLUJA
6418,2486-WYVVE
6419,3865-ZYKAD
6420,1422-DGUBX
6421,2999-AANRQ
6422,8668-KNZTI
6423,0480-KYJVA
6424,6034-ZRYCV
6425,9746-YKGXB
6426,3926-YZVVX
6427,6000-UKLWI
6428,2079-FBMZK
6429,6332-FBZRI
6430,2096-XOTMO
6431,3266-FTKHB
6432,8221-EQDGL
6433,2346-LOCWC
6434,6608-QQLVK
6435,0298-XACET
6436,7560-QJAVJ
6437,2995-YWTCD
6438,3551-HUAZH
6439,9137-UIYPG
6440,2809-ZMYOQ
6441,5084-OOVCJ
6442,0254-WWRKD
6443,7727-SHVZV
6444,6302-JGYRJ
6445,5339-PXDVH
6446,2205-LPVGL
6447,8782-NUUOL
6448,3685-YLCMQ
6449,7601-WFVZV
6450,4609-KNNWG
6451,4868-AADLV
6452,9529-OFXHY
6453,8634-MPHTR
6454,2669-QVCRG
6455,2478-EEWWM
6456,9174-IHETN
6457,2233-TXSIU
6458,9644-UMGQA
6459,3256-EZDBI
6460,8761-NSOBC
6461,0419-YAAPX
6462,8413-VONUO
6463,0872-CASZJ
6464,4726-DLWQN
6465,8164-OCKUJ
6466,3094-JOJAI
6467,9494-MRNYX
6468,2599-CZABP
6469,7945-PRBVF
6470,4544-RXFMG
6471,0859-YGKFW
6472,1150-FTQGN
6473,9223-UCPVT
6474,7196-LIWRH
6475,5448-VWNAM
6476,1177-XZBJL
6477,3518-FSTWG
6478,9330-VOFSZ
6479,4351-QLCSU
6480,0939-EREMR
6481,9389-ACWBI
6482,5419-JPRRN
6483,3644-QXEHN
6484,2911-IJORQ
6485,5921-NGYRH
6486,2100-BDNSN
6487,5998-DZLYR
6488,0488-GSLFR
6489,9318-NKNFC
6490,3985-HOYPM
6491,9728-FTTVZ
6492,9548-LERKT
6493,6576-FBXOJ
6494,4310-KEDTB
6495,7254-IQWOZ
6496,2474-BRUCM
6497,4062-HBMOS
6498,0742-NXBGR
6499,2676-ISHSF
6500,9236-NDUCW
6501,4753-PADAS
6502,6103-QCKFX
6503,7781-EWARA
6504,6110-OHIHY
6505,7018-FPXHH
6506,5889-LFOLL
6507,5708-EVONK
6508,8708-XPXHZ
6509,0616-ATFGB
6510,0572-ZJKLT
6511,5135-RDDQL
6512,1353-LJWEM
6513,1794-SWWKL
6514,6166-YIPFO
6515,7016-BPGEU
6516,6876-ADESB
6517,9332-GYWLO
6518,1963-SVUCV
6519,4184-VODJZ
6520,0220-EBGCE
6521,1092-WPIVQ
6522,7233-IOQNP
6523,2834-JKOOW
6524,2754-VDLTR
6525,2400-FEQME
6526,3190-XFANI
6527,7551-DACSP
6528,4957-SREEC
6529,7235-NXZCP
6530,0230-UBYPQ
6531,4923-ADWXJ
6532,1763-KUAAW
6533,1104-TNLZA
6534,5195-KPUNQ
6535,0520-FDVVT
6536,3439-GVUSX
6537,1444-VVSGW
6538,5712-PTIWW
6539,5949-HGVJL
6540,5203-XEHAX
6541,1635-HDGFT
6542,3315-TOTBP
6543,8050-XGRVL
6544,6661-HBGWL
6545,1518-VOWAV
6546,9828-QHFBK
6547,3908-MKIMJ
6548,5012-YSPJJ
6549,5909-ECHUI
6550,1309-BXVOQ
6551,6728-VOIFY
6552,9317-WZPGV
6553,4891-NLUBA
6554,2856-HYAPG
6555,8969-PRHFK
6556,0661-KQHNK
6557,8709-KRDVL
6558,4488-PSYCG
6559,1427-VERSM
6560,9801-NOSHQ
6561,6339-YPSAH
6562,3621-CEOVK
6563,6906-ANDWJ
6564,2159-TURXX
6565,1548-FEHVL
6566,3795-CAWEX
6567,6215-NQCPY
6568,5647-URDKA
6569,2229-DPMBI
6570,9626-WEQRM
6571,2188-SXWVT
6572,6258-PVZWJ
6573,1094-BKOSX
6574,6969-MVBAI
6575,2978-XXSOG
6576,2342-CKIAO
6577,6953-PBDIN
6578,3898-BSJYF
6579,3938-YFPXD
6580,7696-AMHOD
6581,2453-SAFNS
6582,9558-IHEZX
6583,9617-UDPEU
6584,6340-DACFT
6585,4955-VCWBI
6586,6813-GZQCG
6587,7426-GSWPO
6588,3389-KTRXV
6589,3118-UHVVQ
6590,1031-IIDEO
6591,5832-XKAES
6592,3205-MXZRA
6593,4701-AHWMW
6594,8317-BVKSO
6595,5702-KVQRD
6596,0083-PIVIK
6597,9210-IAHGH
6598,6169-PGNCD
6599,0023-XUOPT
6600,4592-IWTJI
6601,4909-JOUPP
6602,4657-FWVFY
6603,2257-BOVXD
6604,7729-JTEEC
6605,7632-MNYOY
6606,6518-LGAOV
6607,7242-QZLXF
6608,4576-CSAJH
6609,1000-AJSLD
6610,9696-RMYBA
6611,8690-UPCZI
6612,1062-LHZOD
6613,9770-LXDBK
6614,4086-WITJG
6615,8344-WFMFH
6616,9600-NAXZN
6617,8822-KNBHV
6618,8404-FYDIB
6619,2791-SFVEW
6620,6457-USBER
6621,6762-NSODU
6622,4662-EKDPQ
6623,9248-OJYKK
6624,9888-ZCUMM
6625,3398-FSHON
6626,3319-DWOEP
6627,1074-WVEVG
6628,9979-RGMZT
6629,6437-UDQJM
6630,1226-IENZN
6631,2108-GLPQB
6632,9259-PACGQ
6633,4415-IJZTP
6634,1465-VINDH
6635,5474-LAMUQ
6636,3468-DRVQJ
6637,1122-YJBCS
6638,4990-ALDGW
6639,4816-OKWNX
6640,3315-IKYZQ
6641,2810-FTLEM
6642,4747-LCAQL
6643,3411-WLRSQ
6644,0898-XCGTF
6645,8006-PYCSW
6646,8249-THVEC
6647,8722-PRFDV
6648,2164-SOQXL
6649,4020-KIUDI
6650,5850-BDWCY
6651,2038-YSEZE
6652,0827-ITJPH
6653,8799-OXZMD
6654,1925-TIBLE
6655,1705-GUHPV
6656,4779-ZGICK
6657,0048-PIHNL
6658,0818-OCPZO
6659,3967-KXAPS
6660,1447-GIQMR
6661,3704-IEAXF
6662,6810-VCAEX
6663,0674-EYYZV
6664,4480-MBMLB
6665,1395-OFUWC
6666,0822-QGCXA
6667,0872-NXJYS
6668,2832-KJCRD
6669,3588-WSTTJ
6670,4075-WKNIU
6671,5090-EMGTC
6672,2346-CZYIL
6673,3798-EPWRR
6674,6258-NGCNG
6675,4186-ZBUEW
6676,5274-XHAKY
6677,1442-BQPVU
6678,3978-YNKDD
6679,4940-KHCWD
6680,9412-ARGBX
6681,1389-CXMLU
6682,9589-ABEPT
6683,9388-ZEYVT
6684,0305-SQECB
6685,7605-SNLQG
6686,4670-TABXH
6687,5561-NWEVX
6688,0064-SUDOG
6689,8561-NMTBD
6690,5161-XEUVX
6691,8292-FRFZQ
6692,8591-NXRCV
6693,7895-VONWT
6694,4526-RMTLL
6695,6253-GNHWH
6696,4566-NECEV
6697,8080-POTJR
6698,6906-MPARY
6699,3662-FXJFO
6700,8107-RZLNV
6701,0516-OOHAR
6702,2027-CWDNU
6703,2737-WFVYW
6704,9912-OMZDS
6705,3733-ZEECP
6706,7878-RTCZG
6707,2452-MRMZF
6708,2272-QAGFO
6709,7103-IPXPJ
6710,4342-HFXWS
6711,3545-CNWRG
6712,1785-BPHTP
6713,4989-LIXVT
6714,7315-WYOAW
6715,1173-XZPYF
6716,9850-OWRHQ
6717,3768-NLUBH
6718,8676-TRMJS
6719,2509-TFPJU
6720,9530-GRMJG
6721,6898-RBTLU
6722,5481-NTDOH
6723,2068-WWXQZ
6724,7359-SSBJK
6725,2061-VVFST
6726,0685-MLYYM
6727,0749-IRGQE
6728,2380-DAMQP
6729,2256-YLYLP
6730,1272-ILHFG
6731,0164-XAIRP
6732,5666-CYCYZ
6733,4011-ARPHK
6734,8182-PNAGI
6735,6365-HITVU
6736,7558-IMLMT
6737,9488-FYQAU
6738,3590-TCXTB
6739,6994-KERXL
6740,7957-RYHQD
6741,2180-DXNEG
6742,1960-UOTYM
6743,2740-JFBOK
6744,6500-JVEGC
6745,5515-AKOAJ
6746,8976-OQHGT
6747,5245-VDBUR
6748,6230-BSUXY
6749,8469-SNFFH
6750,2144-ESWKO
6751,1241-FPMOF
6752,9928-BZVLZ
6753,4114-QMKVN
6754,2775-SEFEE
6755,9003-CPATH
6756,1754-GKYPY
6757,5294-CDGWY
6758,7956-XQWGU
6759,1591-MQJTP
6760,5295-PCJOO
6761,2369-FEVNO
6762,9863-JZAIC
6763,7471-MQPOS
6764,7660-HDPJV
6765,5115-SQAAU
6766,9845-QOMAD
6767,7672-VFMXZ
6768,9739-JLPQJ
6769,9916-AYHTC
6770,3855-ONCAR
6771,1488-SYSFC
6772,7931-PXHFC
6773,3990-QYKBE
6774,0970-QXPXW
6775,3259-KNMRR
6776,6120-RJKLU
6777,9572-WUKSB
6778,5893-KCLGT
6779,0076-LVEPS
6780,3640-JQGJG
6781,4919-MOAVT
6782,1596-OQSPS
6783,9867-XOBQA
6784,9546-KDTRB
6785,3090-HAWSU
6786,9820-RMCQV
6787,3174-RKMOW
6788,1760-CAZHT
6789,7839-QRKXN
6790,8441-SHIPE
6791,5204-QZXPU
6792,4597-ELFTS
6793,1320-GVNHT
6794,1047-RNXZV
6795,3541-ZNUHK
6796,8450-JOVAH
6797,8725-JEDFD
6798,7562-UXTPG
6799,8071-SBTRN
6800,1113-IUJYX
6801,6668-CNMFP
6802,5626-MGTUK
6803,5681-LLOEI
6804,8212-DJRCH
6805,4323-OHFOW
6806,4933-BSAIP
6807,2030-BTZRO
6808,1116-DXXDF
6809,9274-CNFMO
6810,7758-XKCBS
6811,8992-JQYUN
6812,6563-VNPMN
6813,0617-AQNWT
6814,2267-WTPYD
6815,0270-THENM
6816,2446-PLQVO
6817,4707-MAXGU
6818,2710-WYVXG
6819,3005-NFMTA
6820,6300-BWMJX
6821,8784-CGILN
6822,5389-FFVKB
6823,7009-LGECI
6824,8444-WRIDW
6825,5022-KVDQT
6826,7976-CICYS
6827,1036-GUDCL
6828,2005-DWQZJ
6829,8148-WOCMK
6830,7815-PDTHL
6831,9451-LPGOO
6832,9173-IVZVP
6833,9129-UXERG
6834,3635-JBPSG
6835,7964-ZRKKG
6836,5868-YWPDW
6837,6229-LSCKB
6838,2025-JKFWI
6839,4078-SAYYN
6840,1724-IQWNM
6841,8217-QYOHV
6842,5546-QUERU
6843,9940-HPQPG
6844,6897-UUBNU
6845,6127-IYJOZ
6846,6618-RYATB
6847,8930-XOTDP
6848,5916-QEWPT
6849,5060-TQUQN
6850,0531-XBKMM
6851,8465-SBRXP
6852,2408-PSJVE
6853,9079-YEXQJ
6854,9700-ZCLOT
6855,8738-JOKAR
6856,4534-WGCIR
6857,1930-WNXSB
6858,2685-SREOM
6859,3508-CFVZL
6860,0402-CQAJN
6861,6692-UDPJC
6862,1273-MTETI
6863,0657-DOGUM
6864,5480-HPRRX
6865,8792-AOROI
6866,0295-PPHDO
6867,5146-YYFRZ
6868,1195-OIYEJ
6869,5906-CVLHP
6870,3452-SRFEG
6871,4070-OKWVH
6872,5297-MDOIR
6873,6369-MCAKO
6874,4926-UMJZD
6875,6848-HJTXY
6876,6341-AEVKX
6877,4501-EQDRN
6878,2990-HWIML
6879,0682-USIXD
6880,6976-BWGLQ
6881,7078-NVFAM
6882,8065-QBYTO
6883,2133-TSRRM
6884,7384-GHBPI
6885,7603-USHJS
6886,7234-FECYN
6887,2511-ALLCS
6888,3191-CSNMG
6889,7952-OBOYL
6890,7470-DYNOE
6891,7853-OETYL
6892,1545-ACTAS
6893,5876-HZVZM
6894,1400-MMYXY
6895,5126-RCXYW
6896,3085-QUOZK
6897,2363-BJLSL
6898,1956-YIFGE
6899,3926-CUQZX
6900,7921-LMDFQ
6901,2925-MXLSX
6902,5820-PTRYM
6903,9609-BENEA
6904,6211-WHMYA
6905,4459-BBGHE
6906,9945-PSVIP
6907,1041-RXHRA
6908,1750-CSKKM
6909,9108-EJFJP
6910,0530-IJVDB
6911,0508-SQWPL
6912,2215-ZAFGX
6913,8213-TAZPM
6914,7142-HVGBG
6915,1304-SEGFY
6916,7242-EDTYC
6917,2904-GGUAZ
6918,8267-ZNYVZ
6919,5136-GFPMB
6920,2595-KIWPV
6921,5243-SAOTC
6922,9398-MMQTO
6923,7619-PLRLP
6924,6457-GIRWB
6925,6508-NJYRO
6926,1450-SKCVI
6927,4710-NKCAW
6928,5306-BVTKJ
6929,0357-NVCRI
6930,5570-PTWEH
6931,2371-KFUOG
6932,0463-ZSDNT
6933,6502-MJQAE
6934,6257-DTAYD
6935,4616-ULAOA
6936,7693-LCKZL
6937,7746-AWNQW
6938,5996-EBTKM
6939,2758-RNWXS
6940,2314-TNDJQ
6941,2405-LBMUW
6942,3454-JFUBC
6943,0032-PGELS
6944,9039-ZVJDC
6945,6797-LNAQX
6946,9013-AQORL
6947,2898-MRKPI
6948,2750-BJLSB
6949,3648-GZPHF
6950,2075-RMJIK
6951,9588-YRFHY
6952,6394-MFYNG
6953,1564-NTYXF
6954,9364-YKUVW
6955,5392-AKEMH
6956,2451-YMUXS
6957,3914-FDRHP
6958,3078-ZKNTS
6959,1024-KPRBB
6960,4690-PKDQG
6961,8155-IBNHG
6962,0886-QGENL
6963,9547-ITEFG
6964,1264-FUHCX
6965,7789-CRUVC
6966,6598-KELSS
6967,8739-WWKDU
6968,8685-WHQPW
6969,4745-LSPLO
6970,8083-YTZES
6971,7240-FQLHE
6972,6664-FPDAC
6973,9972-VAFJJ
6974,0422-UXFAP
6975,1904-WAJAA
6976,5130-YPIRV
6977,2843-CQMEG
6978,6439-PKTRR
6979,5351-QESIO
6980,0786-VSSUD
6981,5568-DMXZS
6982,8468-FZTOE
6983,6633-SYEUS
6984,6447-GORXK
6985,6967-PEJLL
6986,3976-BWUCK
6987,5981-ZVXOT
6988,1684-FLBGS
6989,1389-WNUIB
6990,0376-OIWME
6991,3585-ISXZP
6992,0218-QNVAS
6993,6583-QGCSI
6994,0804-YGEQV
6995,7164-BPTUT
6996,4174-LPGTI
6997,2523-EWWZL
6998,0928-XUTSN
6999,2108-XWMPY
7000,0052-YNYOT
7001,6304-IJFSQ
7002,9586-JGQKH
7003,4501-VCPFK
7004,6075-SLNIL
7005,9347-AERRL
7006,0093-XWZFY
7007,2274-XUATA
7008,1980-KXVPM
7009,7703-ZEKEF
7010,0723-DRCLG
7011,5482-NUPNA
7012,6691-CCIHA
7013,1685-BQULA
7014,9053-EJUNL
7015,0666-UXTJO
7016,1471-GIQKQ
7017,4807-IZYOZ
7018,1122-JWTJW
7019,9710-NJERN
7020,9837-FWLCH
7021,1699-HPSBG
7022,7203-OYKCT
7023,1035-IPQPU
7024,7398-LXGYX
7025,2823-LKABH
7026,8775-CEBBJ
7027,0550-DCXLH
7028,9281-CEDRU
7029,2235-DWLJU
7030,0871-OPBXW
7031,3605-JISKB
7032,6894-LFHLY
7033,9767-FFLEM
7034,0639-TSIQW
7035,8456-QDAVC
7036,7750-EYXWZ
7037,2569-WGERO
7038,6840-RESVB
7039,2234-XADUH
7040,4801-JZAZL
7041,8361-LTMKD
7042,3186-AJIEK
